Workbook
Name FilePath: Information!$Y$2

Sheet Interface
D2: Sandrone Stellar-conduct Artifact Optimizer | J2: Note: Yae Miko c1, Escoffier c0r1, Nicole dragon slayer, otherwise c0r0. Default RES is 10%
D4: Level | F4: 90/90 | J4: \
D5: Weapon | F5: Please Choose a weapon | J5: | Input
D6: ATK | F6: 1000 | J6: | Stats
D7: EM | F7: 125 | J7: | Here!!!
D8: CRIT DMG | F8: 1.5 | J8: /
D9: Artifact: Disenchantment in Deep Shadow (Unchangable)
D10: Team: | E10: Sandrone | G10: Choose your character | J10: Edit Team (dropdown), Sandrone is required.
D12: Your Damage: | F12: =TEXT(ROUND(Calculator!C92,0),"#,##0") & " - " & TEXT(ROUND(Calculator!C91,0),"#,##0") -> 14,753 - 15,529 | J12: TRUE | K12: =IF(NOT(J12), " i understood!", " <-- Click Here for Details") -> <-- Click Here for Details
D14: ___ System Optimized Build ___ | J14: Optimization based on your custom level, weapon, and team.
D15: Highest Damage Possible: | G15: =artifact_substat_cases!J2 -> 63385.325 | H15: Substats | J15: <- substats rolls amount
D16: Artifact %ATK: | G16: =artifact_substat_cases!AF2 -> 0.5247 | H16: =artifact_substat_cases!N2 & " rolls" -> 9 rolls | J16: buffs from artifacts substats only
D17: Artifact EM: | G17: =artifact_substat_cases!AG2 -> 69.93 | H17: =artifact_substat_cases!O2 & " rolls" -> 3 rolls
D18: Artifact %CRIT: | G18: =artifact_substat_cases!Z2 -> 2.0206 | H18: =artifact_substat_cases!P2 & " rolls" -> 18 rolls
D19: {="Main stats: " & _xlfn.TEXTJOIN("/",FALSE,IF(artifact_substat_cases!K2:M2="","None",artifact_substat_cases!K2:M2))} -> Main stats: %ATK/%ATK/%CRIT_DMG | J19: Sands/Globet/Circlet
D20: ___ Highest Total Stats ___
D21: ATK | E21: =artifact_substat_cases!AJ2 -> 2391.566 | F21: EM | H21: =artifact_substat_cases!AI2 -> 179.93 | J21: Highest Possible Stats
D22: CRIT_DMG | E22: =artifact_substat_cases!AK2 -> 2.5206 | F22: … | H22: … | J22: (after team buffs)
D24: =_xlfn.LET( _xlpm.atk_diff, artifact_substat_cases!W2-((F6-Calculator!B26)/Calculator!B26), _xlpm.crit_diff, artifact_substat_cases!Z2-F8, _xlpm.em_diff, artifact_substat_cases!AI2-F7, "You need " & TEXT(ABS(_xlpm.atk_diff),"0%") & " ATK " & IF(_xlpm.atk_diff<0,"less","more") & ", " & TEXT(ABS(_xlpm.crit_diff),"0%") & " CRIT DMG " & IF(_xlpm.crit_diff<0,"less","more") & ", and " & TEXT(ABS(_xlpm.em_diff),"#,##0") & " EM " & IF(_xlpm.em_diff<0,"less","more") ) -> You need 135% ATK more, 52% CRIT DMG more, and 55 EM more | J24: Read what you need more and reduce to increase your DMG
D25: =IFERROR("Summary: ["& ( IFERROR(ROUND(Calculator!$C$91/$G$15*100,1),0) ) &"%/100%] progress to best build possible!","Missing Info, Check your inputs") -> Summary: [24.5%/100%] progress to best build possible! | J25: % of how your build far away from best build possible!

Sheet #Changelog
A1: Credit:
A2: Optimizer calculator by yesn0t on Discord
A3: Sandrone artwork by Gleam霖时 on pixiv
B4: #ChangeLog
B5: Version | C5: Status | D5: Date | E5: Description
B6: v1.0 | C6: Released | D6: 46228 | E6: Released Sandrone Artifact Stats Optimizer Protection applied.

Sheet Calculator
A2: Multiplier | B2: Total | C2: QiQi | D2: Yae Miko | E2: Sandrone | F2: Escoffier | G2: Zhongli | H2: Nicole | I2: Bennett | J2: Kazuha | K2: Xilonen | L2: Beidou | M2: Diona | N2: Disenchantment in Deep Shadow
A3: %Stellar Reaction Base DMG Bonus | B3: =SUM(C3:N3) -> 0
A4: %Reaction Bonus | B4: =SUM(C4:P4) -> 1.8 | C4: 0.5 | D4: 0.5 | M4: 0.4 | N4: 0.4
A5: "Reaction Additive Base DMG Bonus" | B5: =SUM(C5:P5) -> 0
A6: Elevation Multiplier | B6: =SUM(C6:P6) -> 0
A7: RES Multiplier | B7: =SUM(C7:P7) -> -1.26 | F7: -0.15 | G7: -0.2 | J7: -0.4 | K7: -0.36 | L7: -0.15
A8: Flat ATK | B8: =SUM(C8:P8) -> 1400 | H8: 600 | I8: 800
A9: %ATK | B9: =SUM(C9:P9) -> 1.18 | F9: 0.32 | H9: 0.48 | I9: 0.2 | N9: 0.18
A10: %CRIT_DMG | B10: =SUM(C10:P10) -> 0
A11: EM | B11: =SUM(C11:P11) -> 400 | L11: 200 | M11: 200
C13: Slot 1 | D13: Slot 2 | E13: Slot 3 | F13: Slot 4 | G13: Artifact | H13: Weapon 1 | I13: Weapon 2 | J13: Weapon 3 | K13: Weapon 4 | L13: Weapon 5 | M13: Weapon 6
A14: Active Multiplier | B14: Total | C14: =IF(COUNTIF(Information!$T$3:$T$101,Interface!E10)>0,Interface!E10,"None") -> Sandrone | D14: =IF(COUNTIF(Information!$T$3:$T$101,Interface!F10)>0,Interface!F10,"None") -> None | E14: =IF(COUNTIF(Information!$T$3:$T$101,Interface!G10)>0,Interface!G10,"None") -> None | F14: =IF(COUNTIF(Information!$T$3:$T$101,Interface!H10)>0,Interface!H10,"None") -> None | G14: Disenchantment in Deep Shadow | H14: =IF(Interface!F5="Teaspoon of Transcendence","Teaspoon of Transcendence","None") -> None | I14: =IF(Interface!F5="A Thousand Blazing Suns","A Thousand Blazing Suns","None") -> None | J14: =IF(Interface!F5="Redhorn Stonethresher","Redhorn Stonethresher","None") -> None | K14: =IF(Interface!F5="Verdict","Verdict","None") -> None | L14: =IF(Interface!F5="Mailed Flower","Mailed Flower","None") -> None | M14: =IF(Interface!F5="Tidal Shadow","Tidal Shadow","None") -> None
A15: %Stellar Reaction Base DMG Bonus | B15: =SUM(C15:M15) -> 0 | C15: =_xlfn.LET( _xlpm.result, IFERROR(INDEX($C$3:$V$11, MATCH($A15,$A$3:$A$11,0), MATCH(C$14,$C$2:$V$2,0)), 0), IF(_xlpm.result=0, "", _xlpm.result) ) | D15: =_xlfn.LET( _xlpm.result, IFERROR(INDEX($C$3:$V$11, MATCH($A15,$A$3:$A$11,0), MATCH(D$14,$C$2:$V$2,0)), 0), IF(_xlpm.result=0, "", _xlpm.result) ) | E15: =_xlfn.LET( _xlpm.result, IFERROR(INDEX($C$3:$V$11, MATCH($A15,$A$3:$A$11,0), MATCH(E$14,$C$2:$V$2,0)), 0), IF(_xlpm.result=0, "", _xlpm.result) ) | F15: =_xlfn.LET( _xlpm.result, IFERROR(INDEX($C$3:$V$11, MATCH($A15,$A$3:$A$11,0), MATCH(F$14,$C$2:$V$2,0)), 0), IF(_xlpm.result=0, "", _xlpm.result) ) | G15: =_xlfn.LET( _xlpm.result, IFERROR(INDEX($C$3:$V$11, MATCH($A15,$A$3:$A$11,0), MATCH(G$14,$C$2:$V$2,0)), 0), IF(_xlpm.result=0, "", _xlpm.result) ) | H15: =IF(H$14="None","", 0 ) | I15: =IF(I$14="None","", 0 ) | J15: =IF(J$14="None","", 0 ) | K15: =IF(K$14="None","", 0 ) | L15: =IF(L$14="None","", 0 ) | M15: =IF(M$14="None","", 0 )
A16: %Reaction Bonus | B16: =SUM(C16:M16) -> 0.4 | C16: =_xlfn.LET( _xlpm.result, IFERROR(INDEX($C$3:$V$11, MATCH($A16,$A$3:$A$11,0), MATCH(C$14,$C$2:$V$2,0)), 0), IF(_xlpm.result=0, "", _xlpm.result) ) | D16: =_xlfn.LET( _xlpm.result, IFERROR(INDEX($C$3:$V$11, MATCH($A16,$A$3:$A$11,0), MATCH(D$14,$C$2:$V$2,0)), 0), IF(_xlpm.result=0, "", _xlpm.result) ) | E16: =_xlfn.LET( _xlpm.result, IFERROR(INDEX($C$3:$V$11, MATCH($A16,$A$3:$A$11,0), MATCH(E$14,$C$2:$V$2,0)), 0), IF(_xlpm.result=0, "", _xlpm.result) ) | F16: =_xlfn.LET( _xlpm.result, IFERROR(INDEX($C$3:$V$11, MATCH($A16,$A$3:$A$11,0), MATCH(F$14,$C$2:$V$2,0)), 0), IF(_xlpm.result=0, "", _xlpm.result) ) | G16: =_xlfn.LET( _xlpm.result, IFERROR(INDEX($C$3:$V$11, MATCH($A16,$A$3:$A$11,0), MATCH(G$14,$C$2:$V$2,0)), 0), IF(_xlpm.result=0, "", _xlpm.result) ) -> 0.4 | H16: =IF(H$14="None","", 48% ) | I16: =IF(I$14="None","", 0 ) | J16: =IF(J$14="None","", 0 ) | K16: =IF(K$14="None","", 0 ) | L16: =IF(L$14="None","", 0 ) | M16: =IF(M$14="None","", 0 )
A17: "Reaction Additive Base DMG Bonus" | B17: =SUM(C17:M17) -> 0 | C17: =_xlfn.LET( _xlpm.result, IFERROR(INDEX($C$3:$V$11, MATCH($A17,$A$3:$A$11,0), MATCH(C$14,$C$2:$V$2,0)), 0), IF(_xlpm.result=0, "", _xlpm.result) ) | D17: =_xlfn.LET( _xlpm.result, IFERROR(INDEX($C$3:$V$11, MATCH($A17,$A$3:$A$11,0), MATCH(D$14,$C$2:$V$2,0)), 0), IF(_xlpm.result=0, "", _xlpm.result) ) | E17: =_xlfn.LET( _xlpm.result, IFERROR(INDEX($C$3:$V$11, MATCH($A17,$A$3:$A$11,0), MATCH(E$14,$C$2:$V$2,0)), 0), IF(_xlpm.result=0, "", _xlpm.result) ) | F17: =_xlfn.LET( _xlpm.result, IFERROR(INDEX($C$3:$V$11, MATCH($A17,$A$3:$A$11,0), MATCH(F$14,$C$2:$V$2,0)), 0), IF(_xlpm.result=0, "", _xlpm.result) ) | G17: =_xlfn.LET( _xlpm.result, IFERROR(INDEX($C$3:$V$11, MATCH($A17,$A$3:$A$11,0), MATCH(G$14,$C$2:$V$2,0)), 0), IF(_xlpm.result=0, "", _xlpm.result) ) | H17: =IF(H$14="None","", 0 ) | I17: =IF(I$14="None","", 0 ) | J17: =IF(J$14="None","", 0 ) | K17: =IF(K$14="None","", 0 ) | L17: =IF(L$14="None","", 0 ) | M17: =IF(M$14="None","", 0 )
A18: Elevation Multiplier | B18: =SUM(C18:M18) -> 0 | C18: =_xlfn.LET( _xlpm.result, IFERROR(INDEX($C$3:$V$11, MATCH($A18,$A$3:$A$11,0), MATCH(C$14,$C$2:$V$2,0)), 0), IF(_xlpm.result=0, "", _xlpm.result) ) | D18: =_xlfn.LET( _xlpm.result, IFERROR(INDEX($C$3:$V$11, MATCH($A18,$A$3:$A$11,0), MATCH(D$14,$C$2:$V$2,0)), 0), IF(_xlpm.result=0, "", _xlpm.result) ) | E18: =_xlfn.LET( _xlpm.result, IFERROR(INDEX($C$3:$V$11, MATCH($A18,$A$3:$A$11,0), MATCH(E$14,$C$2:$V$2,0)), 0), IF(_xlpm.result=0, "", _xlpm.result) ) | F18: =_xlfn.LET( _xlpm.result, IFERROR(INDEX($C$3:$V$11, MATCH($A18,$A$3:$A$11,0), MATCH(F$14,$C$2:$V$2,0)), 0), IF(_xlpm.result=0, "", _xlpm.result) ) | G18: =_xlfn.LET( _xlpm.result, IFERROR(INDEX($C$3:$V$11, MATCH($A18,$A$3:$A$11,0), MATCH(G$14,$C$2:$V$2,0)), 0), IF(_xlpm.result=0, "", _xlpm.result) ) | H18: =IF(H$14="None","", 0 ) | I18: =IF(I$14="None","", 0 ) | J18: =IF(J$14="None","", 0 ) | K18: =IF(K$14="None","", 0 ) | L18: =IF(L$14="None","", 0 ) | M18: =IF(M$14="None","", 0 )
A19: RES Multiplier | B19: =SUM(C19:M19) -> 0 | C19: =_xlfn.LET( _xlpm.result, IFERROR(INDEX($C$3:$V$11, MATCH($A19,$A$3:$A$11,0), MATCH(C$14,$C$2:$V$2,0)), 0), IF(_xlpm.result=0, "", _xlpm.result) ) | D19: =_xlfn.LET( _xlpm.result, IFERROR(INDEX($C$3:$V$11, MATCH($A19,$A$3:$A$11,0), MATCH(D$14,$C$2:$V$2,0)), 0), IF(_xlpm.result=0, "", _xlpm.result) ) | E19: =_xlfn.LET( _xlpm.result, IFERROR(INDEX($C$3:$V$11, MATCH($A19,$A$3:$A$11,0), MATCH(E$14,$C$2:$V$2,0)), 0), IF(_xlpm.result=0, "", _xlpm.result) ) | F19: =_xlfn.LET( _xlpm.result, IFERROR(INDEX($C$3:$V$11, MATCH($A19,$A$3:$A$11,0), MATCH(F$14,$C$2:$V$2,0)), 0), IF(_xlpm.result=0, "", _xlpm.result) ) | G19: =_xlfn.LET( _xlpm.result, IFERROR(INDEX($C$3:$V$11, MATCH($A19,$A$3:$A$11,0), MATCH(G$14,$C$2:$V$2,0)), 0), IF(_xlpm.result=0, "", _xlpm.result) ) | H19: =IF(H$14="None","", 0 ) | I19: =IF(I$14="None","", 0 ) | J19: =IF(J$14="None","", 0 ) | K19: =IF(K$14="None","", 0 ) | L19: =IF(L$14="None","", 0 ) | M19: =IF(M$14="None","", 0 )
A20: Flat ATK | B20: =SUM(C20:M20) -> 0 | C20: =_xlfn.LET( _xlpm.result, IFERROR(INDEX($C$3:$V$11, MATCH($A20,$A$3:$A$11,0), MATCH(C$14,$C$2:$V$2,0)), 0), IF(_xlpm.result=0, "", _xlpm.result) ) | D20: =_xlfn.LET( _xlpm.result, IFERROR(INDEX($C$3:$V$11, MATCH($A20,$A$3:$A$11,0), MATCH(D$14,$C$2:$V$2,0)), 0), IF(_xlpm.result=0, "", _xlpm.result) ) | E20: =_xlfn.LET( _xlpm.result, IFERROR(INDEX($C$3:$V$11, MATCH($A20,$A$3:$A$11,0), MATCH(E$14,$C$2:$V$2,0)), 0), IF(_xlpm.result=0, "", _xlpm.result) ) | F20: =_xlfn.LET( _xlpm.result, IFERROR(INDEX($C$3:$V$11, MATCH($A20,$A$3:$A$11,0), MATCH(F$14,$C$2:$V$2,0)), 0), IF(_xlpm.result=0, "", _xlpm.result) ) | G20: =_xlfn.LET( _xlpm.result, IFERROR(INDEX($C$3:$V$11, MATCH($A20,$A$3:$A$11,0), MATCH(G$14,$C$2:$V$2,0)), 0), IF(_xlpm.result=0, "", _xlpm.result) ) | H20: =IF(H$14="None","", 0 ) | I20: =IF(I$14="None","", 0 ) | J20: =IF(J$14="None","", 0 ) | K20: =IF(K$14="None","", 0 ) | L20: =IF(L$14="None","", 0 ) | M20: =IF(M$14="None","", 0 )
A21: %ATK | B21: =SUM(C21:M21) -> 0.18 | C21: =_xlfn.LET( _xlpm.result, IFERROR(INDEX($C$3:$V$11, MATCH($A21,$A$3:$A$11,0), MATCH(C$14,$C$2:$V$2,0)), 0), IF(_xlpm.result=0, "", _xlpm.result) ) | D21: =_xlfn.LET( _xlpm.result, IFERROR(INDEX($C$3:$V$11, MATCH($A21,$A$3:$A$11,0), MATCH(D$14,$C$2:$V$2,0)), 0), IF(_xlpm.result=0, "", _xlpm.result) ) | E21: =_xlfn.LET( _xlpm.result, IFERROR(INDEX($C$3:$V$11, MATCH($A21,$A$3:$A$11,0), MATCH(E$14,$C$2:$V$2,0)), 0), IF(_xlpm.result=0, "", _xlpm.result) ) | F21: =_xlfn.LET( _xlpm.result, IFERROR(INDEX($C$3:$V$11, MATCH($A21,$A$3:$A$11,0), MATCH(F$14,$C$2:$V$2,0)), 0), IF(_xlpm.result=0, "", _xlpm.result) ) | G21: =_xlfn.LET( _xlpm.result, IFERROR(INDEX($C$3:$V$11, MATCH($A21,$A$3:$A$11,0), MATCH(G$14,$C$2:$V$2,0)), 0), IF(_xlpm.result=0, "", _xlpm.result) ) -> 0.18 | H21: =IF(H$14="None","", 28% ) | I21: =IF(I$14="None","", 28% ) | J21: =IF(J$14="None","", 0 ) | K21: =IF(K$14="None","", 20% ) | L21: =IF(L$14="None","", 24% ) | M21: =IF(M$14="None","", 41.3%+48% )
A22: %CRIT_DMG | B22: =SUM(C22:M22) -> 0 | C22: =_xlfn.LET( _xlpm.result, IFERROR(INDEX($C$3:$V$11, MATCH($A22,$A$3:$A$11,0), MATCH(C$14,$C$2:$V$2,0)), 0), IF(_xlpm.result=0, "", _xlpm.result) ) | D22: =_xlfn.LET( _xlpm.result, IFERROR(INDEX($C$3:$V$11, MATCH($A22,$A$3:$A$11,0), MATCH(D$14,$C$2:$V$2,0)), 0), IF(_xlpm.result=0, "", _xlpm.result) ) | E22: =_xlfn.LET( _xlpm.result, IFERROR(INDEX($C$3:$V$11, MATCH($A22,$A$3:$A$11,0), MATCH(E$14,$C$2:$V$2,0)), 0), IF(_xlpm.result=0, "", _xlpm.result) ) | F22: =_xlfn.LET( _xlpm.result, IFERROR(INDEX($C$3:$V$11, MATCH($A22,$A$3:$A$11,0), MATCH(F$14,$C$2:$V$2,0)), 0), IF(_xlpm.result=0, "", _xlpm.result) ) | G22: =_xlfn.LET( _xlpm.result, IFERROR(INDEX($C$3:$V$11, MATCH($A22,$A$3:$A$11,0), MATCH(G$14,$C$2:$V$2,0)), 0), IF(_xlpm.result=0, "", _xlpm.result) ) | H22: =IF(H$14="None","", 48% ) | I22: =IF(I$14="None","", 20% ) | J22: =IF(J$14="None","", 88.2% ) | K22: =IF(K$14="None","", 0 ) | L22: =IF(L$14="None","", 0 ) | M22: =IF(M$14="None","", 0 )
A23: EM | B23: =SUM(C23:N23) -> 0 | C23: =_xlfn.LET( _xlpm.result, IFERROR(INDEX($C$3:$V$11, MATCH($A23,$A$3:$A$11,0), MATCH(C$14,$C$2:$V$2,0)), 0), IF(_xlpm.result=0, "", _xlpm.result) ) | D23: =_xlfn.LET( _xlpm.result, IFERROR(INDEX($C$3:$V$11, MATCH($A23,$A$3:$A$11,0), MATCH(D$14,$C$2:$V$2,0)), 0), IF(_xlpm.result=0, "", _xlpm.result) ) | E23: =_xlfn.LET( _xlpm.result, IFERROR(INDEX($C$3:$V$11, MATCH($A23,$A$3:$A$11,0), MATCH(E$14,$C$2:$V$2,0)), 0), IF(_xlpm.result=0, "", _xlpm.result) ) | F23: =_xlfn.LET( _xlpm.result, IFERROR(INDEX($C$3:$V$11, MATCH($A23,$A$3:$A$11,0), MATCH(F$14,$C$2:$V$2,0)), 0), IF(_xlpm.result=0, "", _xlpm.result) ) | G23: =_xlfn.LET( _xlpm.result, IFERROR(INDEX($C$3:$V$11, MATCH($A23,$A$3:$A$11,0), MATCH(G$14,$C$2:$V$2,0)), 0), IF(_xlpm.result=0, "", _xlpm.result) ) | H23: =IF(H$14="None","", 0 ) | I23: =IF(I$14="None","", 0 ) | J23: =IF(J$14="None","", 0 ) | K23: =IF(K$14="None","", 0 ) | L23: =IF(L$14="None","", 96 ) | M23: =IF(M$14="None","", 0 )
A25: Sandrone Base Stats | B25: Total | C25: Base | D25: 1 | G25: =IFERROR(Interface!F5,"None") -> Please Choose a weapon
A26: Base ATK | B26: =SUM(C26:H26) -> 907.03 | C26: =VLOOKUP(Interface!$F$4,Information!$C$23:$E$38,3,FALSE) -> 342.03 | G26: =LOOKUP($G$25,Weapon!$D$3:$E$100) -> 565
A27: Base EM | B27: =SUM(C27:H27) -> 110 | C27: 0 | G27: =IF(G$25="None","", 110 ) -> 110
A28: Base CRIT DMG | B28: =SUM(C28:H28) -> 0.5 | C28: 0.5
A30: Sandrone Multiplier Stats | B30: Total | C30: 0 | D30: Talents | G30: Active Multiplier | H30: 5
A31: %ATK | B31: =SUM(C31:H31) -> 0.18 | G31: =$B$21 -> 0.18
A32: %EM | B32: =SUM(C32:H32) -> 0
A33: %CRIT DMG | B33: =SUM(C33:H33) -> 0
A35: Sandrone Additive Stats | B35: Total | C35: 0 | D35: Talents | G35: Active Multiplier | H35: 5
A36: Additive ATK | B36: =SUM(C36:H36) -> 0 | G36: =$B$20 -> 0
A37: Additive EM | B37: =SUM(C37:H37) -> 0 | G37: =$B$23 -> 0
A38: Additive CRIT DMG | B38: =SUM(D38:H38) -> 0 | G38: =$B$22 -> 0
A40: Sandrone Idle Stats | B40: Total
A41: ATK | B41: =B26*(1+F31)+B36 -> 907.03
A42: EM | B42: =B27+D37 -> 110
A43: CRIT DMG | B43: =B28 -> 0.5
A45: Sandrone Final Stats | B45: Total | C45: 0 | D45: 1 | E45: 2 | F45: 3 | G45: 4 | H45: 5
A46: Final ATK | B46: =(B26*(1+B31))+B36 -> 1070.2954
A47: Final EM | B47: =(B27*(1+B32))+B37 -> 110
A48: Final CRIT DMG | B48: =(B28*(1+B33))+B38 -> 0.5
A50: Sandrone General Stats | C50: Explaination
A51: %Ability | B51: 1.615
A52: Talent 1 | B52: 1 | C52: 100% + (number of stacks cleared) × 10% of its original DMG, max 10 stacks
A53: Talent 2 | B53: =MIN($B$46/100*8,160) -> 85.623632 | C53: Every 100 atk, increase Sandrone EM by 8, max 160
A54: Talent 3 | B54: =MIN($B$46/100*0.7%,14%) -> 0.074920678 | C54: Every 100 atk, increase Sandrone Base Stellar-conduct DMG by 0.7%
A55: Talent 4
B58: Calculate below
D61: PlaceHolder
A62: ((Multiplier | B62: Base Reaction Coefficient (12 by default) | C62: =LOOKUP(D62,Information!$C$2:$O$3) -> 2 | D62: 12
B63: %Ability | C63: =D63 -> 1.615 | D63: =B51 -> 1.615
B64: Stats (ATK) | C64: =D64 -> 1070.2954 | D64: =B46 -> 1070.2954
B65: %Base DMG Multiplier | C65: =B52 -> 1
B66: %Stellar Reaction Base DMG Bonus | C66: =D66 -> 0
B67: %EM Bonus | C67: =6*D67/(D67+2000)*100% -> 0.31279621 | D67: =B47 -> 110
B68: %Reaction Bonus | C68: =D68 -> 0.4 | D68: =B16 -> 0.4
B69: %EM Bonus + %Reaction Bonus | C69: =1+SUM(C67:C68) -> 1.7127962
A70: + Additive)* | B70: "Reaction Additive Base DMG Bonus" | C70: =D70 -> 0 | E70: This is a flat DMG bonus
B71: Final Multiplier 01 | C71: =PRODUCT(C69,C62:C66)+C70 -> 0
A72: Multiplier) | B72: Elevation Multiplier | C72: =(D72) -> 0
B73: RES Multiplier | C73: =IF(D73<0, 1-(D73/2), IF(D73<0.75, 1-D73, 1/(4*D73+1))) -> 0.9 | D73: =10%+B19 -> 0.1
B74: CRIT Multiplier | C74: =(1+D74) -> 1.5 | D74: =B48 -> 0.5
A75: Stellar-conduct DMG Final | C75: =PRODUCT(C71:C74) -> 0
A77: Custom DMG Calculator
D78: Number | E78: Type
A79: ((Multiplier | B79: Base Reaction Coefficient (12 by default) | C79: =LOOKUP(D79,Information!$C$2:$O$3) -> 2 | D79: 12 | E79: Count
B80: %Ability | C80: =D80 -> 1.615 | D80: =D63 -> 1.615 | E80: %Ability
B81: Stats (ATK) | C81: =D81 -> 1000 | D81: =Interface!$F$6 +$B$20 +($B$26*SUM($F$21,$I$21,$L$21)) -> 1000 | E81: ATK
B82: %Stellar Reaction Base DMG Bonus | C82: =D82 -> 0.07 | D82: =$B$15 + (MIN($C$81/100*0.7%,14%)) -> 0.07 | E82: %Stellar-Base
B83: %EM Bonus | C83: =D83 -> 221 | D83: =Interface!F7 + IF($L$23>0, 96,0) -> 221 | E83: EM
B84: %Reaction Bonus | C84: =D84 -> 0.4 | D84: =$B$16 -> 0.4 | E84: %Reaction Bonus
B85: %EM Bonus + %Reaction Bonus | E85: %Both
A86: + Additive)* | B86: "Reaction Additive Base DMG Bonus" | C86: =D86 -> 0 | D86: 0 | E86: This is a flat DMG bonus
B87: Final Multiplier 01 | C87: =PRODUCT( ( 1+(6*D83/(D83+2000)*100%) +N("%EM Bonus") +D84 +N("%Reaction Bonus") ) +N("%EM Bonus + %Reaction Bonus"), C79 +N("Base Reaction Coefficient (12 by default)"), C80 +N("&Ability"), C81 +N("ATK"), C82 +N("Stellar Reaction Base DMG Bonus"), ) +C86 +N("Reaction Additive Base DMG Bonus") -> 451.52811
A88: Multiplier) | B88: Elevation Multiplier | C88: =D88 -> 0 | D88: 0 | E88: %DMG Bonus
B89: RES Multiplier | C89: =D89 -> 0.1 | D89: =D73 -> 0.1 | E89: %RES
B90: CRIT Multiplier | C90: =D90 -> 1.5 | D90: =N(Interface!F8) + IFERROR(N($I$22),0) -> 1.5 | E90: %CRIT DMG
A91: Stellar-conduct DMG Final | C91: =PRODUCT( PRODUCT( ( 1+(6/(1+2000/C83)) +N("%EM Bonus") +C84 +N("%Reaction Bonus") ) +N("%EM Bonus + %Reaction Bonus"), C79 +N("Base Reaction Coefficient (12 by default)"), C80 +N("&Ability"), C81 +N("ATK"), 1+C82 +N("Stellar Reaction Base DMG Bonus"), ) +C86 +N("Reaction Additive Base DMG Bonus"), (1+C88) +N("Elevation Multiplier"), (_xlfn.LET(_xlpm.r,C89,IF(_xlpm.r<0,1-_xlpm.r/2,IF(_xlpm.r<0.75,1-_xlpm.r,1/(4*_xlpm.r+1)))) +N("RES Multiplier")), (1+C90 +N("CRIT Multiplier")) ) -> 15529.342
A92: Final DMG (10 stacks) | C92: =PRODUCT( PRODUCT( ( 1+(6/(1+2000/C83)) +N("%EM Bonus") +$C$84 +N("%Reaction Bonus") ) +N("%EM Bonus + %Reaction Bonus"), $C$79-0.1 +N("Base Reaction Coefficient (12 by default)"), $C$80 +N("&Ability"), C81 +N("ATK"), 1+$C$82 +N("Stellar Reaction Base DMG Bonus"), ) +$C$86 +N("Reaction Additive Base DMG Bonus"), (1+$C$88) +N("Elevation Multiplier"), (_xlfn.LET(_xlpm.r,$C$89,IF(_xlpm.r<0,1-_xlpm.r/2,IF(_xlpm.r<0.75,1-_xlpm.r,1/(4*_xlpm.r+1)))) +N("RES Multiplier")), (1+C90 +N("CRIT Multiplier")) ) -> 14752.875

Sheet artifact_substat_cases
A1: Sands_Main | B1: Goblet_Main | C1: Circlet_Main | D1: %ATK | E1: EM | F1: %CRIT_DMG | G1: Damage | I1: Return amount | J1: Top: 20 | K1: Sands_Main | L1: Goblet_Main | M1: Circlet_Main | N1: %ATK | O1: EM | P1: %CRIT_DMG | R1: Debug | S1: BaseATK | T1: BaseDamage | U1: FinalDamage | V1: Total_ATK_Buffs | W1: Total_ATK_Buffs_Artifacts | X1: Total_ATK_Buffs_Others | Y1: Total_CRIT_DMG_Buffs | Z1: Total_CRIT_DMG_Buffs_Artifacts | AA1: Total_CRIT_DMG_Buffs_Others | AB1: MainStats | AC1: ATK_Main | AD1: EM_Main | AE1: CRIT_DMG_Main | AF1: ATK_Sub | AG1: EM_Sub | AH1: CRIT_DMG_Sub | AI1: EM | AJ1: ATK | AK1: CRIT_DMG | AL1: BaseReactionCoefficient | AM1: Ability | AN1: BaseDMG_Multiplier | AO1: StellarReactionBase | AP1: Reaction_Bonus | AQ1: EM_Bonus | AR1: Reaction_AdditiveBaseDMGBonus | AS1: Elevation_Multiplier | AT1: RES_Multiplier
A2: %ATK | B2: %ATK | C2: %CRIT_DMG | D2: 8 | E2: 0 | F2: 22 | G2: =_xlfn.LET( _xlpm.BaseATK, Calculator!$B$26, _xlpm.MainStats, artifact_substat_cases[[#This Row],[Sands_Main]:[Circlet_Main]], _xlpm.ATK_Main,COUNTIF(_xlpm.MainStats,"%ATK")*46.6%, _xlpm.EM_Main,COUNTIF(_xlpm.MainStats,"EM")*186.5, _xlpm.CRIT_DMG_Main,COUNTIF(_xlpm.MainStats,"%CRIT_DMG")*62.2%, _xlpm.ATK_Sub,artifact_substat_cases[[#This Row],[%ATK]]*5.83%, _xlpm.EM_Sub,artifact_substat_cases[[#This Row],[EM]]*23.31, _xlpm.CRIT_DMG_Sub,artifact_substat_cases[[#This Row],[%CRIT_DMG]]*7.77%, _xlpm.EM,(Calculator!$B$47+ _xlpm.EM_Sub+_xlpm.EM_Main), _xlpm.ATK,(_xlpm.BaseATK*(1 +_xlpm.ATK_Sub+_xlpm.ATK_Main +Calculator!$B$31) +Calculator!$B$36), _xlpm.CRIT_DMG,(Calculator!$B$48+ _xlpm.CRIT_DMG_Sub+_xlpm.CRIT_DMG_Main), _xlpm.BaseReactionCoefficient, Calculator!$C$62, _xlpm.Ability,Calculator!$C$63, _xlpm.BaseDMG_Multiplier, Calculator!$C$65, _xlpm.StellarReactionBase,Calculator!$C$66 +MIN(_xlpm.ATK/100*0.7%,14%), _xlpm.Reaction_Bonus,Calculator!$C$68, _xlpm.EM_Bonus, (6/(1+2000/(_xlpm.EM+MIN(_xlpm.ATK/100*8,160)))), _xlpm.Reaction_AdditiveBaseDMGBonus,Calculator!$C$70, _xlpm.Elevation_Multiplier,Calculator!$C$72, _xlpm.RES_Multiplier, Calculator!$C$73, _xlpm.BaseDamage, PRODUCT( _xlpm.BaseReactionCoefficient, _xlpm.Ability, _xlpm.ATK, _xlpm.BaseDMG_Multiplier, (1 +_xlpm.StellarReactionBase), (1 +_xlpm.EM_Bonus + _xlpm.Reaction_Bonus) ) +_xlpm.Reaction_AdditiveBaseDMGBonus, _xlpm.FinalDamage,PRODUCT( _xlpm.BaseDamage, (1 +_xlpm.Elevation_Multiplier), _xlpm.RES_Multiplier, (1 +_xlpm.CRIT_DMG) ), _xlpm.FinalDamage ) -> 62764.447 | I2: Top: 5 | J2: {=_xlfn.LET( _xlpm.raw, $J$1, _xlpm.sorted, _xlfn._xlws.SORT($A$2:$G$10000,7,-1), _xlpm.n, IF(_xlpm.raw="All", ROWS(_xlpm.sorted), VALUE(TRIM(MID(_xlpm.raw,FIND(":",_xlpm.raw)+1,10)))), _xlpm.data, _xlfn.TAKE(_xlpm.sorted,_xlpm.n), _xlfn.CHOOSECOLS(_xlpm.data,7,1,2,3,4,5,6) )} -> 63385.325 | K2: %ATK | L2: %ATK | M2: %CRIT_DMG | N2: 9 | O2: 3 | P2: 18 | S2: {=_xlfn.LET( _xlpm.BaseATK, Calculator!$B$26, _xlpm.MainStats, $K2:$M2, _xlpm.ATK_Main,COUNTIF(_xlpm.MainStats,"%ATK")*46.6%, _xlpm.EM_Main,COUNTIF(_xlpm.MainStats,"EM")*186.5, _xlpm.CRIT_DMG_Main,COUNTIF(_xlpm.MainStats,"%CRIT_DMG")*62.2%, _xlpm.ATK_Sub,$N2*5.83%, _xlpm.EM_Sub,$O2*23.31, _xlpm.CRIT_DMG_Sub,$P2*7.77%, _xlpm.Total_ATK_Buffs_Others, Calculator!$B$31, _xlpm.Total_CRIT_DMG_Buffs_Others, Calculator!$B$48, _xlpm.Total_ATK_Buffs_Artifacts, _xlpm.ATK_Sub+_xlpm.ATK_Main, _xlpm.Total_CRIT_DMG_Buffs_Artifacts, _xlpm.CRIT_DMG_Sub+_xlpm.CRIT_DMG_Main, _xlpm.Total_ATK_Buffs, (_xlpm.Total_ATK_Buffs_Artifacts + _xlpm.Total_ATK_Buffs_Others), _xlpm.Total_CRIT_DMG_Buffs, (_xlpm.Total_CRIT_DMG_Buffs_Artifacts + _xlpm.Total_CRIT_DMG_Buffs_Others), _xlpm.EM,(Calculator!$B$47+ _xlpm.EM_Sub+_xlpm.EM_Main), _xlpm.ATK,(_xlpm.BaseATK*(1 +_xlpm.Total_ATK_Buffs) +Calculator!$B$36), _xlpm.CRIT_DMG,(_xlpm.Total_CRIT_DMG_Buffs), _xlpm.BaseReactionCoefficient, Calculator!$C$62, _xlpm.Ability,Calculator!$C$63, _xlpm.BaseDMG_Multiplier, Calculator!$C$65, _xlpm.StellarReactionBase,Calculator!$C$66 +MIN(_xlpm.ATK/100*0.7%,14%), _xlpm.Reaction_Bonus,Calculator!$C$68, _xlpm.EM_Bonus, (6/(1+2000/(_xlpm.EM+MIN(_xlpm.ATK/100*8,160)))), _xlpm.Reaction_AdditiveBaseDMGBonus,Calculator!$C$70, _xlpm.Elevation_Multiplier,Calculator!$C$72, _xlpm.RES_Multiplier, Calculator!$C$73, _xlpm.BaseDamage, PRODUCT( _xlpm.BaseReactionCoefficient, _xlpm.Ability, _xlpm.ATK, _xlpm.BaseDMG_Multiplier, (1+_xlpm.StellarReactionBase), (1+_xlpm.EM_Bonus+_xlpm.Reaction_Bonus) )+_xlpm.Reaction_AdditiveBaseDMGBonus, _xlpm.FinalDamage, PRODUCT( _xlpm.BaseDamage, (1+_xlpm.Elevation_Multiplier), _xlpm.RES_Multiplier, (1+_xlpm.CRIT_DMG) ), TRANSPOSE(_xlfn.VSTACK( _xlpm.BaseATK, _xlpm.BaseDamage, _xlpm.FinalDamage, _xlpm.Total_ATK_Buffs, _xlpm.Total_ATK_Buffs_Artifacts, _xlpm.Total_ATK_Buffs_Others, _xlpm.Total_CRIT_DMG_Buffs, _xlpm.Total_CRIT_DMG_Buffs_Artifacts, _xlpm.Total_CRIT_DMG_Buffs_Others, _xlfn.TEXTJOIN(", ",TRUE,_xlpm.MainStats), _xlpm.ATK_Main, _xlpm.EM_Main, _xlpm.CRIT_DMG_Main, _xlpm.ATK_Sub, _xlpm.EM_Sub, _xlpm.CRIT_DMG_Sub, _xlpm.EM, _xlpm.ATK, _xlpm.CRIT_DMG, _xlpm.BaseReactionCoefficient, _xlpm.Ability, _xlpm.BaseDMG_Multiplier, _xlpm.StellarReactionBase, _xlpm.Reaction_Bonus, _xlpm.EM_Bonus, _xlpm.Reaction_AdditiveBaseDMGBonus, _xlpm.Elevation_Multiplier, _xlpm.RES_Multiplier ) ))} -> 907.03 | T2: 20004.584 | U2: 63385.325 | V2: 1.6367 | W2: 1.4567 | X2: 0.18 | Y2: 2.5206 | Z2: 2.0206 | AA2: 0.5 | AB2: %ATK, %ATK, %CRIT_DMG | AC2: 0.932 | AD2: 0 | AE2: 0.622 | AF2: 0.5247 | AG2: 69.93 | AH2: 1.3986 | AI2: 179.93 | AJ2: 2391.566 | AK2: 2.5206 | AL2: 2 | AM2: 1.615 | AN2: 1 | AO2: 0.14 | AP2: 0.4 | AQ2: 0.87164146 | AR2: 0 | AS2: 0 | AT2: 0.9
A3: %ATK | B3: %ATK | C3: %CRIT_DMG | D3: 7 | E3: 0 | F3: 23 | G3: =_xlfn.LET( _xlpm.BaseATK, Calculator!$B$26, _xlpm.MainStats, artifact_substat_cases[[#This Row],[Sands_Main]:[Circlet_Main]], _xlpm.ATK_Main,COUNTIF(_xlpm.MainStats,"%ATK")*46.6%, _xlpm.EM_Main,COUNTIF(_xlpm.MainStats,"EM")*186.5, _xlpm.CRIT_DMG_Main,COUNTIF(_xlpm.MainStats,"%CRIT_DMG")*62.2%, _xlpm.ATK_Sub,artifact_substat_cases[[#This Row],[%ATK]]*5.83%, _xlpm.EM_Sub,artifact_substat_cases[[#This Row],[EM]]*23.31, _xlpm.CRIT_DMG_Sub,artifact_substat_cases[[#This Row],[%CRIT_DMG]]*7.77%, _xlpm.EM,(Calculator!$B$47+ _xlpm.EM_Sub+_xlpm.EM_Main), _xlpm.ATK,(_xlpm.BaseATK*(1 +_xlpm.ATK_Sub+_xlpm.ATK_Main +Calculator!$B$31) +Calculator!$B$36), _xlpm.CRIT_DMG,(Calculator!$B$48+ _xlpm.CRIT_DMG_Sub+_xlpm.CRIT_DMG_Main), _xlpm.BaseReactionCoefficient, Calculator!$C$62, _xlpm.Ability,Calculator!$C$63, _xlpm.BaseDMG_Multiplier, Calculator!$C$65, _xlpm.StellarReactionBase,Calculator!$C$66 +MIN(_xlpm.ATK/100*0.7%,14%), _xlpm.Reaction_Bonus,Calculator!$C$68, _xlpm.EM_Bonus, (6/(1+2000/(_xlpm.EM+MIN(_xlpm.ATK/100*8,160)))), _xlpm.Reaction_AdditiveBaseDMGBonus,Calculator!$C$70, _xlpm.Elevation_Multiplier,Calculator!$C$72, _xlpm.RES_Multiplier, Calculator!$C$73, _xlpm.BaseDamage, PRODUCT( _xlpm.BaseReactionCoefficient, _xlpm.Ability, _xlpm.ATK, _xlpm.BaseDMG_Multiplier, (1 +_xlpm.StellarReactionBase), (1 +_xlpm.EM_Bonus + _xlpm.Reaction_Bonus) ) +_xlpm.Reaction_AdditiveBaseDMGBonus, _xlpm.FinalDamage,PRODUCT( _xlpm.BaseDamage, (1 +_xlpm.Elevation_Multiplier), _xlpm.RES_Multiplier, (1 +_xlpm.CRIT_DMG) ), _xlpm.FinalDamage ) -> 62589.355 | I3: Top: 10 | J3: 63366.692 | K3: %ATK | L3: %ATK | M3: %CRIT_DMG | N3: 9 | O3: 4 | P3: 17 | S3: {=_xlfn.LET( _xlpm.BaseATK, Calculator!$B$26, _xlpm.MainStats, $K3:$M3, _xlpm.ATK_Main,COUNTIF(_xlpm.MainStats,"%ATK")*46.6%, _xlpm.EM_Main,COUNTIF(_xlpm.MainStats,"EM")*186.5, _xlpm.CRIT_DMG_Main,COUNTIF(_xlpm.MainStats,"%CRIT_DMG")*62.2%, _xlpm.ATK_Sub,$N3*5.83%, _xlpm.EM_Sub,$O3*23.31, _xlpm.CRIT_DMG_Sub,$P3*7.77%, _xlpm.Total_ATK_Buffs_Others, Calculator!$B$31, _xlpm.Total_CRIT_DMG_Buffs_Others, Calculator!$B$48, _xlpm.Total_ATK_Buffs_Artifacts, _xlpm.ATK_Sub+_xlpm.ATK_Main, _xlpm.Total_CRIT_DMG_Buffs_Artifacts, _xlpm.CRIT_DMG_Sub+_xlpm.CRIT_DMG_Main, _xlpm.Total_ATK_Buffs, (_xlpm.Total_ATK_Buffs_Artifacts + _xlpm.Total_ATK_Buffs_Others), _xlpm.Total_CRIT_DMG_Buffs, (_xlpm.Total_CRIT_DMG_Buffs_Artifacts + _xlpm.Total_CRIT_DMG_Buffs_Others), _xlpm.EM,(Calculator!$B$47+ _xlpm.EM_Sub+_xlpm.EM_Main), _xlpm.ATK,(_xlpm.BaseATK*(1 +_xlpm.Total_ATK_Buffs) +Calculator!$B$36), _xlpm.CRIT_DMG,(_xlpm.Total_CRIT_DMG_Buffs), _xlpm.BaseReactionCoefficient, Calculator!$C$62, _xlpm.Ability,Calculator!$C$63, _xlpm.BaseDMG_Multiplier, Calculator!$C$65, _xlpm.StellarReactionBase,Calculator!$C$66 +MIN(_xlpm.ATK/100*0.7%,14%), _xlpm.Reaction_Bonus,Calculator!$C$68, _xlpm.EM_Bonus, (6/(1+2000/(_xlpm.EM+MIN(_xlpm.ATK/100*8,160)))), _xlpm.Reaction_AdditiveBaseDMGBonus,Calculator!$C$70, _xlpm.Elevation_Multiplier,Calculator!$C$72, _xlpm.RES_Multiplier, Calculator!$C$73, _xlpm.BaseDamage, PRODUCT( _xlpm.BaseReactionCoefficient, _xlpm.Ability, _xlpm.ATK, _xlpm.BaseDMG_Multiplier, (1+_xlpm.StellarReactionBase), (1+_xlpm.EM_Bonus+_xlpm.Reaction_Bonus) )+_xlpm.Reaction_AdditiveBaseDMGBonus, _xlpm.FinalDamage, PRODUCT( _xlpm.BaseDamage, (1+_xlpm.Elevation_Multiplier), _xlpm.RES_Multiplier, (1+_xlpm.CRIT_DMG) ), TRANSPOSE(_xlfn.VSTACK( _xlpm.BaseATK, _xlpm.BaseDamage, _xlpm.FinalDamage, _xlpm.Total_ATK_Buffs, _xlpm.Total_ATK_Buffs_Artifacts, _xlpm.Total_ATK_Buffs_Others, _xlpm.Total_CRIT_DMG_Buffs, _xlpm.Total_CRIT_DMG_Buffs_Artifacts, _xlpm.Total_CRIT_DMG_Buffs_Others, _xlfn.TEXTJOIN(", ",TRUE,_xlpm.MainStats), _xlpm.ATK_Main, _xlpm.EM_Main, _xlpm.CRIT_DMG_Main, _xlpm.ATK_Sub, _xlpm.EM_Sub, _xlpm.CRIT_DMG_Sub, _xlpm.EM, _xlpm.ATK, _xlpm.CRIT_DMG, _xlpm.BaseReactionCoefficient, _xlpm.Ability, _xlpm.BaseDMG_Multiplier, _xlpm.StellarReactionBase, _xlpm.Reaction_Bonus, _xlpm.EM_Bonus, _xlpm.Reaction_AdditiveBaseDMGBonus, _xlpm.Elevation_Multiplier, _xlpm.RES_Multiplier ) ))} -> 907.03 | T3: 20450.038 | U3: 63366.692 | V3: 1.6367 | W3: 1.4567 | X3: 0.18 | Y3: 2.4429 | Z3: 1.9429 | AA3: 0.5 | AB3: %ATK, %ATK, %CRIT_DMG | AC3: 0.932 | AD3: 0 | AE3: 0.622 | AF3: 0.5247 | AG3: 93.24 | AH3: 1.3209 | AI3: 203.24 | AJ3: 2391.566 | AK3: 2.4429 | AL3: 2 | AM3: 1.615 | AN3: 1 | AO3: 0.14 | AP3: 0.4 | AQ3: 0.92222542 | AR3: 0 | AS3: 0 | AT3: 0.9
A4: %ATK | B4: %ATK | C4: %CRIT_DMG | D4: 9 | E4: 0 | F4: 21 | G4: =_xlfn.LET( _xlpm.BaseATK, Calculator!$B$26, _xlpm.MainStats, artifact_substat_cases[[#This Row],[Sands_Main]:[Circlet_Main]], _xlpm.ATK_Main,COUNTIF(_xlpm.MainStats,"%ATK")*46.6%, _xlpm.EM_Main,COUNTIF(_xlpm.MainStats,"EM")*186.5, _xlpm.CRIT_DMG_Main,COUNTIF(_xlpm.MainStats,"%CRIT_DMG")*62.2%, _xlpm.ATK_Sub,artifact_substat_cases[[#This Row],[%ATK]]*5.83%, _xlpm.EM_Sub,artifact_substat_cases[[#This Row],[EM]]*23.31, _xlpm.CRIT_DMG_Sub,artifact_substat_cases[[#This Row],[%CRIT_DMG]]*7.77%, _xlpm.EM,(Calculator!$B$47+ _xlpm.EM_Sub+_xlpm.EM_Main), _xlpm.ATK,(_xlpm.BaseATK*(1 +_xlpm.ATK_Sub+_xlpm.ATK_Main +Calculator!$B$31) +Calculator!$B$36), _xlpm.CRIT_DMG,(Calculator!$B$48+ _xlpm.CRIT_DMG_Sub+_xlpm.CRIT_DMG_Main), _xlpm.BaseReactionCoefficient, Calculator!$C$62, _xlpm.Ability,Calculator!$C$63, _xlpm.BaseDMG_Multiplier, Calculator!$C$65, _xlpm.StellarReactionBase,Calculator!$C$66 +MIN(_xlpm.ATK/100*0.7%,14%), _xlpm.Reaction_Bonus,Calculator!$C$68, _xlpm.EM_Bonus, (6/(1+2000/(_xlpm.EM+MIN(_xlpm.ATK/100*8,160)))), _xlpm.Reaction_AdditiveBaseDMGBonus,Calculator!$C$70, _xlpm.Elevation_Multiplier,Calculator!$C$72, _xlpm.RES_Multiplier, Calculator!$C$73, _xlpm.BaseDamage, PRODUCT( _xlpm.BaseReactionCoefficient, _xlpm.Ability, _xlpm.ATK, _xlpm.BaseDMG_Multiplier, (1 +_xlpm.StellarReactionBase), (1 +_xlpm.EM_Bonus + _xlpm.Reaction_Bonus) ) +_xlpm.Reaction_AdditiveBaseDMGBonus, _xlpm.FinalDamage,PRODUCT( _xlpm.BaseDamage, (1 +_xlpm.Elevation_Multiplier), _xlpm.RES_Multiplier, (1 +_xlpm.CRIT_DMG) ), _xlpm.FinalDamage ) -> 62881.979 | I4: Top: 20 | J4: 63364.044 | K4: %ATK | L4: %ATK | M4: %CRIT_DMG | N4: 8 | O4: 4 | P4: 18 | S4: {=_xlfn.LET( _xlpm.BaseATK, Calculator!$B$26, _xlpm.MainStats, $K4:$M4, _xlpm.ATK_Main,COUNTIF(_xlpm.MainStats,"%ATK")*46.6%, _xlpm.EM_Main,COUNTIF(_xlpm.MainStats,"EM")*186.5, _xlpm.CRIT_DMG_Main,COUNTIF(_xlpm.MainStats,"%CRIT_DMG")*62.2%, _xlpm.ATK_Sub,$N4*5.83%, _xlpm.EM_Sub,$O4*23.31, _xlpm.CRIT_DMG_Sub,$P4*7.77%, _xlpm.Total_ATK_Buffs_Others, Calculator!$B$31, _xlpm.Total_CRIT_DMG_Buffs_Others, Calculator!$B$48, _xlpm.Total_ATK_Buffs_Artifacts, _xlpm.ATK_Sub+_xlpm.ATK_Main, _xlpm.Total_CRIT_DMG_Buffs_Artifacts, _xlpm.CRIT_DMG_Sub+_xlpm.CRIT_DMG_Main, _xlpm.Total_ATK_Buffs, (_xlpm.Total_ATK_Buffs_Artifacts + _xlpm.Total_ATK_Buffs_Others), _xlpm.Total_CRIT_DMG_Buffs, (_xlpm.Total_CRIT_DMG_Buffs_Artifacts + _xlpm.Total_CRIT_DMG_Buffs_Others), _xlpm.EM,(Calculator!$B$47+ _xlpm.EM_Sub+_xlpm.EM_Main), _xlpm.ATK,(_xlpm.BaseATK*(1 +_xlpm.Total_ATK_Buffs) +Calculator!$B$36), _xlpm.CRIT_DMG,(_xlpm.Total_CRIT_DMG_Buffs), _xlpm.BaseReactionCoefficient, Calculator!$C$62, _xlpm.Ability,Calculator!$C$63, _xlpm.BaseDMG_Multiplier, Calculator!$C$65, _xlpm.StellarReactionBase,Calculator!$C$66 +MIN(_xlpm.ATK/100*0.7%,14%), _xlpm.Reaction_Bonus,Calculator!$C$68, _xlpm.EM_Bonus, (6/(1+2000/(_xlpm.EM+MIN(_xlpm.ATK/100*8,160)))), _xlpm.Reaction_AdditiveBaseDMGBonus,Calculator!$C$70, _xlpm.Elevation_Multiplier,Calculator!$C$72, _xlpm.RES_Multiplier, Calculator!$C$73, _xlpm.BaseDamage, PRODUCT( _xlpm.BaseReactionCoefficient, _xlpm.Ability, _xlpm.ATK, _xlpm.BaseDMG_Multiplier, (1+_xlpm.StellarReactionBase), (1+_xlpm.EM_Bonus+_xlpm.Reaction_Bonus) )+_xlpm.Reaction_AdditiveBaseDMGBonus, _xlpm.FinalDamage, PRODUCT( _xlpm.BaseDamage, (1+_xlpm.Elevation_Multiplier), _xlpm.RES_Multiplier, (1+_xlpm.CRIT_DMG) ), TRANSPOSE(_xlfn.VSTACK( _xlpm.BaseATK, _xlpm.BaseDamage, _xlpm.FinalDamage, _xlpm.Total_ATK_Buffs, _xlpm.Total_ATK_Buffs_Artifacts, _xlpm.Total_ATK_Buffs_Others, _xlpm.Total_CRIT_DMG_Buffs, _xlpm.Total_CRIT_DMG_Buffs_Artifacts, _xlpm.Total_CRIT_DMG_Buffs_Others, _xlfn.TEXTJOIN(", ",TRUE,_xlpm.MainStats), _xlpm.ATK_Main, _xlpm.EM_Main, _xlpm.CRIT_DMG_Main, _xlpm.ATK_Sub, _xlpm.EM_Sub, _xlpm.CRIT_DMG_Sub, _xlpm.EM, _xlpm.ATK, _xlpm.CRIT_DMG, _xlpm.BaseReactionCoefficient, _xlpm.Ability, _xlpm.BaseDMG_Multiplier, _xlpm.StellarReactionBase, _xlpm.Reaction_Bonus, _xlpm.EM_Bonus, _xlpm.Reaction_AdditiveBaseDMGBonus, _xlpm.Elevation_Multiplier, _xlpm.RES_Multiplier ) ))} -> 907.03 | T4: 19997.868 | U4: 63364.044 | V4: 1.5784 | W4: 1.3984 | X4: 0.18 | Y4: 2.5206 | Z4: 2.0206 | AA4: 0.5 | AB4: %ATK, %ATK, %CRIT_DMG | AC4: 0.932 | AD4: 0 | AE4: 0.622 | AF4: 0.4664 | AG4: 93.24 | AH4: 1.3986 | AI4: 203.24 | AJ4: 2338.6862 | AK4: 2.5206 | AL4: 2 | AM4: 1.615 | AN4: 1 | AO4: 0.14 | AP4: 0.4 | AQ4: 0.92222542 | AR4: 0 | AS4: 0 | AT4: 0.9
A5: %ATK | B5: %ATK | C5: %CRIT_DMG | D5: 6 | E5: 0 | F5: 24 | G5: =_xlfn.LET( _xlpm.BaseATK, Calculator!$B$26, _xlpm.MainStats, artifact_substat_cases[[#This Row],[Sands_Main]:[Circlet_Main]], _xlpm.ATK_Main,COUNTIF(_xlpm.MainStats,"%ATK")*46.6%, _xlpm.EM_Main,COUNTIF(_xlpm.MainStats,"EM")*186.5, _xlpm.CRIT_DMG_Main,COUNTIF(_xlpm.MainStats,"%CRIT_DMG")*62.2%, _xlpm.ATK_Sub,artifact_substat_cases[[#This Row],[%ATK]]*5.83%, _xlpm.EM_Sub,artifact_substat_cases[[#This Row],[EM]]*23.31, _xlpm.CRIT_DMG_Sub,artifact_substat_cases[[#This Row],[%CRIT_DMG]]*7.77%, _xlpm.EM,(Calculator!$B$47+ _xlpm.EM_Sub+_xlpm.EM_Main), _xlpm.ATK,(_xlpm.BaseATK*(1 +_xlpm.ATK_Sub+_xlpm.ATK_Main +Calculator!$B$31) +Calculator!$B$36), _xlpm.CRIT_DMG,(Calculator!$B$48+ _xlpm.CRIT_DMG_Sub+_xlpm.CRIT_DMG_Main), _xlpm.BaseReactionCoefficient, Calculator!$C$62, _xlpm.Ability,Calculator!$C$63, _xlpm.BaseDMG_Multiplier, Calculator!$C$65, _xlpm.StellarReactionBase,Calculator!$C$66 +MIN(_xlpm.ATK/100*0.7%,14%), _xlpm.Reaction_Bonus,Calculator!$C$68, _xlpm.EM_Bonus, (6/(1+2000/(_xlpm.EM+MIN(_xlpm.ATK/100*8,160)))), _xlpm.Reaction_AdditiveBaseDMGBonus,Calculator!$C$70, _xlpm.Elevation_Multiplier,Calculator!$C$72, _xlpm.RES_Multiplier, Calculator!$C$73, _xlpm.BaseDamage, PRODUCT( _xlpm.BaseReactionCoefficient, _xlpm.Ability, _xlpm.ATK, _xlpm.BaseDMG_Multiplier, (1 +_xlpm.StellarReactionBase), (1 +_xlpm.EM_Bonus + _xlpm.Reaction_Bonus) ) +_xlpm.Reaction_AdditiveBaseDMGBonus, _xlpm.FinalDamage,PRODUCT( _xlpm.BaseDamage, (1 +_xlpm.Elevation_Multiplier), _xlpm.RES_Multiplier, (1 +_xlpm.CRIT_DMG) ), _xlpm.FinalDamage ) -> 62356.702 | I5: Top: 50 | J5: 63356.985 | K5: %ATK | L5: %ATK | M5: %CRIT_DMG | N5: 10 | O5: 3 | P5: 17 | S5: {=_xlfn.LET( _xlpm.BaseATK, Calculator!$B$26, _xlpm.MainStats, $K5:$M5, _xlpm.ATK_Main,COUNTIF(_xlpm.MainStats,"%ATK")*46.6%, _xlpm.EM_Main,COUNTIF(_xlpm.MainStats,"EM")*186.5, _xlpm.CRIT_DMG_Main,COUNTIF(_xlpm.MainStats,"%CRIT_DMG")*62.2%, _xlpm.ATK_Sub,$N5*5.83%, _xlpm.EM_Sub,$O5*23.31, _xlpm.CRIT_DMG_Sub,$P5*7.77%, _xlpm.Total_ATK_Buffs_Others, Calculator!$B$31, _xlpm.Total_CRIT_DMG_Buffs_Others, Calculator!$B$48, _xlpm.Total_ATK_Buffs_Artifacts, _xlpm.ATK_Sub+_xlpm.ATK_Main, _xlpm.Total_CRIT_DMG_Buffs_Artifacts, _xlpm.CRIT_DMG_Sub+_xlpm.CRIT_DMG_Main, _xlpm.Total_ATK_Buffs, (_xlpm.Total_ATK_Buffs_Artifacts + _xlpm.Total_ATK_Buffs_Others), _xlpm.Total_CRIT_DMG_Buffs, (_xlpm.Total_CRIT_DMG_Buffs_Artifacts + _xlpm.Total_CRIT_DMG_Buffs_Others), _xlpm.EM,(Calculator!$B$47+ _xlpm.EM_Sub+_xlpm.EM_Main), _xlpm.ATK,(_xlpm.BaseATK*(1 +_xlpm.Total_ATK_Buffs) +Calculator!$B$36), _xlpm.CRIT_DMG,(_xlpm.Total_CRIT_DMG_Buffs), _xlpm.BaseReactionCoefficient, Calculator!$C$62, _xlpm.Ability,Calculator!$C$63, _xlpm.BaseDMG_Multiplier, Calculator!$C$65, _xlpm.StellarReactionBase,Calculator!$C$66 +MIN(_xlpm.ATK/100*0.7%,14%), _xlpm.Reaction_Bonus,Calculator!$C$68, _xlpm.EM_Bonus, (6/(1+2000/(_xlpm.EM+MIN(_xlpm.ATK/100*8,160)))), _xlpm.Reaction_AdditiveBaseDMGBonus,Calculator!$C$70, _xlpm.Elevation_Multiplier,Calculator!$C$72, _xlpm.RES_Multiplier, Calculator!$C$73, _xlpm.BaseDamage, PRODUCT( _xlpm.BaseReactionCoefficient, _xlpm.Ability, _xlpm.ATK, _xlpm.BaseDMG_Multiplier, (1+_xlpm.StellarReactionBase), (1+_xlpm.EM_Bonus+_xlpm.Reaction_Bonus) )+_xlpm.Reaction_AdditiveBaseDMGBonus, _xlpm.FinalDamage, PRODUCT( _xlpm.BaseDamage, (1+_xlpm.Elevation_Multiplier), _xlpm.RES_Multiplier, (1+_xlpm.CRIT_DMG) ), TRANSPOSE(_xlfn.VSTACK( _xlpm.BaseATK, _xlpm.BaseDamage, _xlpm.FinalDamage, _xlpm.Total_ATK_Buffs, _xlpm.Total_ATK_Buffs_Artifacts, _xlpm.Total_ATK_Buffs_Others, _xlpm.Total_CRIT_DMG_Buffs, _xlpm.Total_CRIT_DMG_Buffs_Artifacts, _xlpm.Total_CRIT_DMG_Buffs_Others, _xlfn.TEXTJOIN(", ",TRUE,_xlpm.MainStats), _xlpm.ATK_Main, _xlpm.EM_Main, _xlpm.CRIT_DMG_Main, _xlpm.ATK_Sub, _xlpm.EM_Sub, _xlpm.CRIT_DMG_Sub, _xlpm.EM, _xlpm.ATK, _xlpm.CRIT_DMG, _xlpm.BaseReactionCoefficient, _xlpm.Ability, _xlpm.BaseDMG_Multiplier, _xlpm.StellarReactionBase, _xlpm.Reaction_Bonus, _xlpm.EM_Bonus, _xlpm.Reaction_AdditiveBaseDMGBonus, _xlpm.Elevation_Multiplier, _xlpm.RES_Multiplier ) ))} -> 907.03 | T5: 20446.905 | U5: 63356.985 | V5: 1.695 | W5: 1.515 | X5: 0.18 | Y5: 2.4429 | Z5: 1.9429 | AA5: 0.5 | AB5: %ATK, %ATK, %CRIT_DMG | AC5: 0.932 | AD5: 0 | AE5: 0.622 | AF5: 0.583 | AG5: 69.93 | AH5: 1.3209 | AI5: 179.93 | AJ5: 2444.4459 | AK5: 2.4429 | AL5: 2 | AM5: 1.615 | AN5: 1 | AO5: 0.14 | AP5: 0.4 | AQ5: 0.87164146 | AR5: 0 | AS5: 0 | AT5: 0.9
A6: %ATK | B6: %ATK | C6: %CRIT_DMG | D6: 10 | E6: 0 | F6: 20 | G6: =_xlfn.LET( _xlpm.BaseATK, Calculator!$B$26, _xlpm.MainStats, artifact_substat_cases[[#This Row],[Sands_Main]:[Circlet_Main]], _xlpm.ATK_Main,COUNTIF(_xlpm.MainStats,"%ATK")*46.6%, _xlpm.EM_Main,COUNTIF(_xlpm.MainStats,"EM")*186.5, _xlpm.CRIT_DMG_Main,COUNTIF(_xlpm.MainStats,"%CRIT_DMG")*62.2%, _xlpm.ATK_Sub,artifact_substat_cases[[#This Row],[%ATK]]*5.83%, _xlpm.EM_Sub,artifact_substat_cases[[#This Row],[EM]]*23.31, _xlpm.CRIT_DMG_Sub,artifact_substat_cases[[#This Row],[%CRIT_DMG]]*7.77%, _xlpm.EM,(Calculator!$B$47+ _xlpm.EM_Sub+_xlpm.EM_Main), _xlpm.ATK,(_xlpm.BaseATK*(1 +_xlpm.ATK_Sub+_xlpm.ATK_Main +Calculator!$B$31) +Calculator!$B$36), _xlpm.CRIT_DMG,(Calculator!$B$48+ _xlpm.CRIT_DMG_Sub+_xlpm.CRIT_DMG_Main), _xlpm.BaseReactionCoefficient, Calculator!$C$62, _xlpm.Ability,Calculator!$C$63, _xlpm.BaseDMG_Multiplier, Calculator!$C$65, _xlpm.StellarReactionBase,Calculator!$C$66 +MIN(_xlpm.ATK/100*0.7%,14%), _xlpm.Reaction_Bonus,Calculator!$C$68, _xlpm.EM_Bonus, (6/(1+2000/(_xlpm.EM+MIN(_xlpm.ATK/100*8,160)))), _xlpm.Reaction_AdditiveBaseDMGBonus,Calculator!$C$70, _xlpm.Elevation_Multiplier,Calculator!$C$72, _xlpm.RES_Multiplier, Calculator!$C$73, _xlpm.BaseDamage, PRODUCT( _xlpm.BaseReactionCoefficient, _xlpm.Ability, _xlpm.ATK, _xlpm.BaseDMG_Multiplier, (1 +_xlpm.StellarReactionBase), (1 +_xlpm.EM_Bonus + _xlpm.Reaction_Bonus) ) +_xlpm.Reaction_AdditiveBaseDMGBonus, _xlpm.FinalDamage,PRODUCT( _xlpm.BaseDamage, (1 +_xlpm.Elevation_Multiplier), _xlpm.RES_Multiplier, (1 +_xlpm.CRIT_DMG) ), _xlpm.FinalDamage ) -> 62941.95 | I6: Top: 100 | J6: 63351.803 | K6: %ATK | L6: %ATK | M6: %CRIT_DMG | N6: 8 | O6: 3 | P6: 19 | S6: {=_xlfn.LET( _xlpm.BaseATK, Calculator!$B$26, _xlpm.MainStats, $K6:$M6, _xlpm.ATK_Main,COUNTIF(_xlpm.MainStats,"%ATK")*46.6%, _xlpm.EM_Main,COUNTIF(_xlpm.MainStats,"EM")*186.5, _xlpm.CRIT_DMG_Main,COUNTIF(_xlpm.MainStats,"%CRIT_DMG")*62.2%, _xlpm.ATK_Sub,$N6*5.83%, _xlpm.EM_Sub,$O6*23.31, _xlpm.CRIT_DMG_Sub,$P6*7.77%, _xlpm.Total_ATK_Buffs_Others, Calculator!$B$31, _xlpm.Total_CRIT_DMG_Buffs_Others, Calculator!$B$48, _xlpm.Total_ATK_Buffs_Artifacts, _xlpm.ATK_Sub+_xlpm.ATK_Main, _xlpm.Total_CRIT_DMG_Buffs_Artifacts, _xlpm.CRIT_DMG_Sub+_xlpm.CRIT_DMG_Main, _xlpm.Total_ATK_Buffs, (_xlpm.Total_ATK_Buffs_Artifacts + _xlpm.Total_ATK_Buffs_Others), _xlpm.Total_CRIT_DMG_Buffs, (_xlpm.Total_CRIT_DMG_Buffs_Artifacts + _xlpm.Total_CRIT_DMG_Buffs_Others), _xlpm.EM,(Calculator!$B$47+ _xlpm.EM_Sub+_xlpm.EM_Main), _xlpm.ATK,(_xlpm.BaseATK*(1 +_xlpm.Total_ATK_Buffs) +Calculator!$B$36), _xlpm.CRIT_DMG,(_xlpm.Total_CRIT_DMG_Buffs), _xlpm.BaseReactionCoefficient, Calculator!$C$62, _xlpm.Ability,Calculator!$C$63, _xlpm.BaseDMG_Multiplier, Calculator!$C$65, _xlpm.StellarReactionBase,Calculator!$C$66 +MIN(_xlpm.ATK/100*0.7%,14%), _xlpm.Reaction_Bonus,Calculator!$C$68, _xlpm.EM_Bonus, (6/(1+2000/(_xlpm.EM+MIN(_xlpm.ATK/100*8,160)))), _xlpm.Reaction_AdditiveBaseDMGBonus,Calculator!$C$70, _xlpm.Elevation_Multiplier,Calculator!$C$72, _xlpm.RES_Multiplier, Calculator!$C$73, _xlpm.BaseDamage, PRODUCT( _xlpm.BaseReactionCoefficient, _xlpm.Ability, _xlpm.ATK, _xlpm.BaseDMG_Multiplier, (1+_xlpm.StellarReactionBase), (1+_xlpm.EM_Bonus+_xlpm.Reaction_Bonus) )+_xlpm.Reaction_AdditiveBaseDMGBonus, _xlpm.FinalDamage, PRODUCT( _xlpm.BaseDamage, (1+_xlpm.Elevation_Multiplier), _xlpm.RES_Multiplier, (1+_xlpm.CRIT_DMG) ), TRANSPOSE(_xlfn.VSTACK( _xlpm.BaseATK, _xlpm.BaseDamage, _xlpm.FinalDamage, _xlpm.Total_ATK_Buffs, _xlpm.Total_ATK_Buffs_Artifacts, _xlpm.Total_ATK_Buffs_Others, _xlpm.Total_CRIT_DMG_Buffs, _xlpm.Total_CRIT_DMG_Buffs_Artifacts, _xlpm.Total_CRIT_DMG_Buffs_Others, _xlfn.TEXTJOIN(", ",TRUE,_xlpm.MainStats), _xlpm.ATK_Main, _xlpm.EM_Main, _xlpm.CRIT_DMG_Main, _xlpm.ATK_Sub, _xlpm.EM_Sub, _xlpm.CRIT_DMG_Sub, _xlpm.EM, _xlpm.ATK, _xlpm.CRIT_DMG, _xlpm.BaseReactionCoefficient, _xlpm.Ability, _xlpm.BaseDMG_Multiplier, _xlpm.StellarReactionBase, _xlpm.Reaction_Bonus, _xlpm.EM_Bonus, _xlpm.Reaction_AdditiveBaseDMGBonus, _xlpm.Elevation_Multiplier, _xlpm.RES_Multiplier ) ))} -> 907.03 | T6: 19562.263 | U6: 63351.803 | V6: 1.5784 | W6: 1.3984 | X6: 0.18 | Y6: 2.5983 | Z6: 2.0983 | AA6: 0.5 | AB6: %ATK, %ATK, %CRIT_DMG | AC6: 0.932 | AD6: 0 | AE6: 0.622 | AF6: 0.4664 | AG6: 69.93 | AH6: 1.4763 | AI6: 179.93 | AJ6: 2338.6862 | AK6: 2.5983 | AL6: 2 | AM6: 1.615 | AN6: 1 | AO6: 0.14 | AP6: 0.4 | AQ6: 0.87164146 | AR6: 0 | AS6: 0 | AT6: 0.9
A7: %ATK | B7: %ATK | C7: %CRIT_DMG | D7: 7 | E7: 1 | F7: 22 | G7: =_xlfn.LET( _xlpm.BaseATK, Calculator!$B$26, _xlpm.MainStats, artifact_substat_cases[[#This Row],[Sands_Main]:[Circlet_Main]], _xlpm.ATK_Main,COUNTIF(_xlpm.MainStats,"%ATK")*46.6%, _xlpm.EM_Main,COUNTIF(_xlpm.MainStats,"EM")*186.5, _xlpm.CRIT_DMG_Main,COUNTIF(_xlpm.MainStats,"%CRIT_DMG")*62.2%, _xlpm.ATK_Sub,artifact_substat_cases[[#This Row],[%ATK]]*5.83%, _xlpm.EM_Sub,artifact_substat_cases[[#This Row],[EM]]*23.31, _xlpm.CRIT_DMG_Sub,artifact_substat_cases[[#This Row],[%CRIT_DMG]]*7.77%, _xlpm.EM,(Calculator!$B$47+ _xlpm.EM_Sub+_xlpm.EM_Main), _xlpm.ATK,(_xlpm.BaseATK*(1 +_xlpm.ATK_Sub+_xlpm.ATK_Main +Calculator!$B$31) +Calculator!$B$36), _xlpm.CRIT_DMG,(Calculator!$B$48+ _xlpm.CRIT_DMG_Sub+_xlpm.CRIT_DMG_Main), _xlpm.BaseReactionCoefficient, Calculator!$C$62, _xlpm.Ability,Calculator!$C$63, _xlpm.BaseDMG_Multiplier, Calculator!$C$65, _xlpm.StellarReactionBase,Calculator!$C$66 +MIN(_xlpm.ATK/100*0.7%,14%), _xlpm.Reaction_Bonus,Calculator!$C$68, _xlpm.EM_Bonus, (6/(1+2000/(_xlpm.EM+MIN(_xlpm.ATK/100*8,160)))), _xlpm.Reaction_AdditiveBaseDMGBonus,Calculator!$C$70, _xlpm.Elevation_Multiplier,Calculator!$C$72, _xlpm.RES_Multiplier, Calculator!$C$73, _xlpm.BaseDamage, PRODUCT( _xlpm.BaseReactionCoefficient, _xlpm.Ability, _xlpm.ATK, _xlpm.BaseDMG_Multiplier, (1 +_xlpm.StellarReactionBase), (1 +_xlpm.EM_Bonus + _xlpm.Reaction_Bonus) ) +_xlpm.Reaction_AdditiveBaseDMGBonus, _xlpm.FinalDamage,PRODUCT( _xlpm.BaseDamage, (1 +_xlpm.Elevation_Multiplier), _xlpm.RES_Multiplier, (1 +_xlpm.CRIT_DMG) ), _xlpm.FinalDamage ) -> 62904.772 | I7: All | J7: 63315.159 | K7: %ATK | L7: %ATK | M7: %CRIT_DMG | N7: 10 | O7: 2 | P7: 18 | S7: {=_xlfn.LET( _xlpm.BaseATK, Calculator!$B$26, _xlpm.MainStats, $K7:$M7, _xlpm.ATK_Main,COUNTIF(_xlpm.MainStats,"%ATK")*46.6%, _xlpm.EM_Main,COUNTIF(_xlpm.MainStats,"EM")*186.5, _xlpm.CRIT_DMG_Main,COUNTIF(_xlpm.MainStats,"%CRIT_DMG")*62.2%, _xlpm.ATK_Sub,$N7*5.83%, _xlpm.EM_Sub,$O7*23.31, _xlpm.CRIT_DMG_Sub,$P7*7.77%, _xlpm.Total_ATK_Buffs_Others, Calculator!$B$31, _xlpm.Total_CRIT_DMG_Buffs_Others, Calculator!$B$48, _xlpm.Total_ATK_Buffs_Artifacts, _xlpm.ATK_Sub+_xlpm.ATK_Main, _xlpm.Total_CRIT_DMG_Buffs_Artifacts, _xlpm.CRIT_DMG_Sub+_xlpm.CRIT_DMG_Main, _xlpm.Total_ATK_Buffs, (_xlpm.Total_ATK_Buffs_Artifacts + _xlpm.Total_ATK_Buffs_Others), _xlpm.Total_CRIT_DMG_Buffs, (_xlpm.Total_CRIT_DMG_Buffs_Artifacts + _xlpm.Total_CRIT_DMG_Buffs_Others), _xlpm.EM,(Calculator!$B$47+ _xlpm.EM_Sub+_xlpm.EM_Main), _xlpm.ATK,(_xlpm.BaseATK*(1 +_xlpm.Total_ATK_Buffs) +Calculator!$B$36), _xlpm.CRIT_DMG,(_xlpm.Total_CRIT_DMG_Buffs), _xlpm.BaseReactionCoefficient, Calculator!$C$62, _xlpm.Ability,Calculator!$C$63, _xlpm.BaseDMG_Multiplier, Calculator!$C$65, _xlpm.StellarReactionBase,Calculator!$C$66 +MIN(_xlpm.ATK/100*0.7%,14%), _xlpm.Reaction_Bonus,Calculator!$C$68, _xlpm.EM_Bonus, (6/(1+2000/(_xlpm.EM+MIN(_xlpm.ATK/100*8,160)))), _xlpm.Reaction_AdditiveBaseDMGBonus,Calculator!$C$70, _xlpm.Elevation_Multiplier,Calculator!$C$72, _xlpm.RES_Multiplier, Calculator!$C$73, _xlpm.BaseDamage, PRODUCT( _xlpm.BaseReactionCoefficient, _xlpm.Ability, _xlpm.ATK, _xlpm.BaseDMG_Multiplier, (1+_xlpm.StellarReactionBase), (1+_xlpm.EM_Bonus+_xlpm.Reaction_Bonus) )+_xlpm.Reaction_AdditiveBaseDMGBonus, _xlpm.FinalDamage, PRODUCT( _xlpm.BaseDamage, (1+_xlpm.Elevation_Multiplier), _xlpm.RES_Multiplier, (1+_xlpm.CRIT_DMG) ), TRANSPOSE(_xlfn.VSTACK( _xlpm.BaseATK, _xlpm.BaseDamage, _xlpm.FinalDamage, _xlpm.Total_ATK_Buffs, _xlpm.Total_ATK_Buffs_Artifacts, _xlpm.Total_ATK_Buffs_Others, _xlpm.Total_CRIT_DMG_Buffs, _xlpm.Total_CRIT_DMG_Buffs_Artifacts, _xlpm.Total_CRIT_DMG_Buffs_Others, _xlfn.TEXTJOIN(", ",TRUE,_xlpm.MainStats), _xlpm.ATK_Main, _xlpm.EM_Main, _xlpm.CRIT_DMG_Main, _xlpm.ATK_Sub, _xlpm.EM_Sub, _xlpm.CRIT_DMG_Sub, _xlpm.EM, _xlpm.ATK, _xlpm.CRIT_DMG, _xlpm.BaseReactionCoefficient, _xlpm.Ability, _xlpm.BaseDMG_Multiplier, _xlpm.StellarReactionBase, _xlpm.Reaction_Bonus, _xlpm.EM_Bonus, _xlpm.Reaction_AdditiveBaseDMGBonus, _xlpm.Elevation_Multiplier, _xlpm.RES_Multiplier ) ))} -> 907.03 | T7: 19982.439 | U7: 63315.159 | V7: 1.695 | W7: 1.515 | X7: 0.18 | Y7: 2.5206 | Z7: 2.0206 | AA7: 0.5 | AB7: %ATK, %ATK, %CRIT_DMG | AC7: 0.932 | AD7: 0 | AE7: 0.622 | AF7: 0.583 | AG7: 46.62 | AH7: 1.3986 | AI7: 156.62 | AJ7: 2444.4459 | AK7: 2.5206 | AL7: 2 | AM7: 1.615 | AN7: 1 | AO7: 0.14 | AP7: 0.4 | AQ7: 0.82003954 | AR7: 0 | AS7: 0 | AT7: 0.9
A8: %ATK | B8: %ATK | C8: %CRIT_DMG | D8: 8 | E8: 1 | F8: 21 | G8: =_xlfn.LET( _xlpm.BaseATK, Calculator!$B$26, _xlpm.MainStats, artifact_substat_cases[[#This Row],[Sands_Main]:[Circlet_Main]], _xlpm.ATK_Main,COUNTIF(_xlpm.MainStats,"%ATK")*46.6%, _xlpm.EM_Main,COUNTIF(_xlpm.MainStats,"EM")*186.5, _xlpm.CRIT_DMG_Main,COUNTIF(_xlpm.MainStats,"%CRIT_DMG")*62.2%, _xlpm.ATK_Sub,artifact_substat_cases[[#This Row],[%ATK]]*5.83%, _xlpm.EM_Sub,artifact_substat_cases[[#This Row],[EM]]*23.31, _xlpm.CRIT_DMG_Sub,artifact_substat_cases[[#This Row],[%CRIT_DMG]]*7.77%, _xlpm.EM,(Calculator!$B$47+ _xlpm.EM_Sub+_xlpm.EM_Main), _xlpm.ATK,(_xlpm.BaseATK*(1 +_xlpm.ATK_Sub+_xlpm.ATK_Main +Calculator!$B$31) +Calculator!$B$36), _xlpm.CRIT_DMG,(Calculator!$B$48+ _xlpm.CRIT_DMG_Sub+_xlpm.CRIT_DMG_Main), _xlpm.BaseReactionCoefficient, Calculator!$C$62, _xlpm.Ability,Calculator!$C$63, _xlpm.BaseDMG_Multiplier, Calculator!$C$65, _xlpm.StellarReactionBase,Calculator!$C$66 +MIN(_xlpm.ATK/100*0.7%,14%), _xlpm.Reaction_Bonus,Calculator!$C$68, _xlpm.EM_Bonus, (6/(1+2000/(_xlpm.EM+MIN(_xlpm.ATK/100*8,160)))), _xlpm.Reaction_AdditiveBaseDMGBonus,Calculator!$C$70, _xlpm.Elevation_Multiplier,Calculator!$C$72, _xlpm.RES_Multiplier, Calculator!$C$73, _xlpm.BaseDamage, PRODUCT( _xlpm.BaseReactionCoefficient, _xlpm.Ability, _xlpm.ATK, _xlpm.BaseDMG_Multiplier, (1 +_xlpm.StellarReactionBase), (1 +_xlpm.EM_Bonus + _xlpm.Reaction_Bonus) ) +_xlpm.Reaction_AdditiveBaseDMGBonus, _xlpm.FinalDamage,PRODUCT( _xlpm.BaseDamage, (1 +_xlpm.Elevation_Multiplier), _xlpm.RES_Multiplier, (1 +_xlpm.CRIT_DMG) ), _xlpm.FinalDamage ) -> 63054.804 | J8: 63312.627 | K8: %ATK | L8: %ATK | M8: %CRIT_DMG | N8: 9 | O8: 2 | P8: 19 | S8: {=_xlfn.LET( _xlpm.BaseATK, Calculator!$B$26, _xlpm.MainStats, $K8:$M8, _xlpm.ATK_Main,COUNTIF(_xlpm.MainStats,"%ATK")*46.6%, _xlpm.EM_Main,COUNTIF(_xlpm.MainStats,"EM")*186.5, _xlpm.CRIT_DMG_Main,COUNTIF(_xlpm.MainStats,"%CRIT_DMG")*62.2%, _xlpm.ATK_Sub,$N8*5.83%, _xlpm.EM_Sub,$O8*23.31, _xlpm.CRIT_DMG_Sub,$P8*7.77%, _xlpm.Total_ATK_Buffs_Others, Calculator!$B$31, _xlpm.Total_CRIT_DMG_Buffs_Others, Calculator!$B$48, _xlpm.Total_ATK_Buffs_Artifacts, _xlpm.ATK_Sub+_xlpm.ATK_Main, _xlpm.Total_CRIT_DMG_Buffs_Artifacts, _xlpm.CRIT_DMG_Sub+_xlpm.CRIT_DMG_Main, _xlpm.Total_ATK_Buffs, (_xlpm.Total_ATK_Buffs_Artifacts + _xlpm.Total_ATK_Buffs_Others), _xlpm.Total_CRIT_DMG_Buffs, (_xlpm.Total_CRIT_DMG_Buffs_Artifacts + _xlpm.Total_CRIT_DMG_Buffs_Others), _xlpm.EM,(Calculator!$B$47+ _xlpm.EM_Sub+_xlpm.EM_Main), _xlpm.ATK,(_xlpm.BaseATK*(1 +_xlpm.Total_ATK_Buffs) +Calculator!$B$36), _xlpm.CRIT_DMG,(_xlpm.Total_CRIT_DMG_Buffs), _xlpm.BaseReactionCoefficient, Calculator!$C$62, _xlpm.Ability,Calculator!$C$63, _xlpm.BaseDMG_Multiplier, Calculator!$C$65, _xlpm.StellarReactionBase,Calculator!$C$66 +MIN(_xlpm.ATK/100*0.7%,14%), _xlpm.Reaction_Bonus,Calculator!$C$68, _xlpm.EM_Bonus, (6/(1+2000/(_xlpm.EM+MIN(_xlpm.ATK/100*8,160)))), _xlpm.Reaction_AdditiveBaseDMGBonus,Calculator!$C$70, _xlpm.Elevation_Multiplier,Calculator!$C$72, _xlpm.RES_Multiplier, Calculator!$C$73, _xlpm.BaseDamage, PRODUCT( _xlpm.BaseReactionCoefficient, _xlpm.Ability, _xlpm.ATK, _xlpm.BaseDMG_Multiplier, (1+_xlpm.StellarReactionBase), (1+_xlpm.EM_Bonus+_xlpm.Reaction_Bonus) )+_xlpm.Reaction_AdditiveBaseDMGBonus, _xlpm.FinalDamage, PRODUCT( _xlpm.BaseDamage, (1+_xlpm.Elevation_Multiplier), _xlpm.RES_Multiplier, (1+_xlpm.CRIT_DMG) ), TRANSPOSE(_xlfn.VSTACK( _xlpm.BaseATK, _xlpm.BaseDamage, _xlpm.FinalDamage, _xlpm.Total_ATK_Buffs, _xlpm.Total_ATK_Buffs_Artifacts, _xlpm.Total_ATK_Buffs_Others, _xlpm.Total_CRIT_DMG_Buffs, _xlpm.Total_CRIT_DMG_Buffs_Artifacts, _xlpm.Total_CRIT_DMG_Buffs_Others, _xlfn.TEXTJOIN(", ",TRUE,_xlpm.MainStats), _xlpm.ATK_Main, _xlpm.EM_Main, _xlpm.CRIT_DMG_Main, _xlpm.ATK_Sub, _xlpm.EM_Sub, _xlpm.CRIT_DMG_Sub, _xlpm.EM, _xlpm.ATK, _xlpm.CRIT_DMG, _xlpm.BaseReactionCoefficient, _xlpm.Ability, _xlpm.BaseDMG_Multiplier, _xlpm.StellarReactionBase, _xlpm.Reaction_Bonus, _xlpm.EM_Bonus, _xlpm.Reaction_AdditiveBaseDMGBonus, _xlpm.Elevation_Multiplier, _xlpm.RES_Multiplier ) ))} -> 907.03 | T8: 19550.166 | U8: 63312.627 | V8: 1.6367 | W8: 1.4567 | X8: 0.18 | Y8: 2.5983 | Z8: 2.0983 | AA8: 0.5 | AB8: %ATK, %ATK, %CRIT_DMG | AC8: 0.932 | AD8: 0 | AE8: 0.622 | AF8: 0.5247 | AG8: 46.62 | AH8: 1.4763 | AI8: 156.62 | AJ8: 2391.566 | AK8: 2.5983 | AL8: 2 | AM8: 1.615 | AN8: 1 | AO8: 0.14 | AP8: 0.4 | AQ8: 0.82003954 | AR8: 0 | AS8: 0 | AT8: 0.9
A9: %ATK | B9: %ATK | C9: %CRIT_DMG | D9: 6 | E9: 1 | F9: 23 | G9: =_xlfn.LET( _xlpm.BaseATK, Calculator!$B$26, _xlpm.MainStats, artifact_substat_cases[[#This Row],[Sands_Main]:[Circlet_Main]], _xlpm.ATK_Main,COUNTIF(_xlpm.MainStats,"%ATK")*46.6%, _xlpm.EM_Main,COUNTIF(_xlpm.MainStats,"EM")*186.5, _xlpm.CRIT_DMG_Main,COUNTIF(_xlpm.MainStats,"%CRIT_DMG")*62.2%, _xlpm.ATK_Sub,artifact_substat_cases[[#This Row],[%ATK]]*5.83%, _xlpm.EM_Sub,artifact_substat_cases[[#This Row],[EM]]*23.31, _xlpm.CRIT_DMG_Sub,artifact_substat_cases[[#This Row],[%CRIT_DMG]]*7.77%, _xlpm.EM,(Calculator!$B$47+ _xlpm.EM_Sub+_xlpm.EM_Main), _xlpm.ATK,(_xlpm.BaseATK*(1 +_xlpm.ATK_Sub+_xlpm.ATK_Main +Calculator!$B$31) +Calculator!$B$36), _xlpm.CRIT_DMG,(Calculator!$B$48+ _xlpm.CRIT_DMG_Sub+_xlpm.CRIT_DMG_Main), _xlpm.BaseReactionCoefficient, Calculator!$C$62, _xlpm.Ability,Calculator!$C$63, _xlpm.BaseDMG_Multiplier, Calculator!$C$65, _xlpm.StellarReactionBase,Calculator!$C$66 +MIN(_xlpm.ATK/100*0.7%,14%), _xlpm.Reaction_Bonus,Calculator!$C$68, _xlpm.EM_Bonus, (6/(1+2000/(_xlpm.EM+MIN(_xlpm.ATK/100*8,160)))), _xlpm.Reaction_AdditiveBaseDMGBonus,Calculator!$C$70, _xlpm.Elevation_Multiplier,Calculator!$C$72, _xlpm.RES_Multiplier, Calculator!$C$73, _xlpm.BaseDamage, PRODUCT( _xlpm.BaseReactionCoefficient, _xlpm.Ability, _xlpm.ATK, _xlpm.BaseDMG_Multiplier, (1 +_xlpm.StellarReactionBase), (1 +_xlpm.EM_Bonus + _xlpm.Reaction_Bonus) ) +_xlpm.Reaction_AdditiveBaseDMGBonus, _xlpm.FinalDamage,PRODUCT( _xlpm.BaseDamage, (1 +_xlpm.Elevation_Multiplier), _xlpm.RES_Multiplier, (1 +_xlpm.CRIT_DMG) ), _xlpm.FinalDamage ) -> 62695.717 | J9: 63306.1 | K9: %ATK | L9: %ATK | M9: %CRIT_DMG | N9: 10 | O9: 4 | P9: 16 | S9: {=_xlfn.LET( _xlpm.BaseATK, Calculator!$B$26, _xlpm.MainStats, $K9:$M9, _xlpm.ATK_Main,COUNTIF(_xlpm.MainStats,"%ATK")*46.6%, _xlpm.EM_Main,COUNTIF(_xlpm.MainStats,"EM")*186.5, _xlpm.CRIT_DMG_Main,COUNTIF(_xlpm.MainStats,"%CRIT_DMG")*62.2%, _xlpm.ATK_Sub,$N9*5.83%, _xlpm.EM_Sub,$O9*23.31, _xlpm.CRIT_DMG_Sub,$P9*7.77%, _xlpm.Total_ATK_Buffs_Others, Calculator!$B$31, _xlpm.Total_CRIT_DMG_Buffs_Others, Calculator!$B$48, _xlpm.Total_ATK_Buffs_Artifacts, _xlpm.ATK_Sub+_xlpm.ATK_Main, _xlpm.Total_CRIT_DMG_Buffs_Artifacts, _xlpm.CRIT_DMG_Sub+_xlpm.CRIT_DMG_Main, _xlpm.Total_ATK_Buffs, (_xlpm.Total_ATK_Buffs_Artifacts + _xlpm.Total_ATK_Buffs_Others), _xlpm.Total_CRIT_DMG_Buffs, (_xlpm.Total_CRIT_DMG_Buffs_Artifacts + _xlpm.Total_CRIT_DMG_Buffs_Others), _xlpm.EM,(Calculator!$B$47+ _xlpm.EM_Sub+_xlpm.EM_Main), _xlpm.ATK,(_xlpm.BaseATK*(1 +_xlpm.Total_ATK_Buffs) +Calculator!$B$36), _xlpm.CRIT_DMG,(_xlpm.Total_CRIT_DMG_Buffs), _xlpm.BaseReactionCoefficient, Calculator!$C$62, _xlpm.Ability,Calculator!$C$63, _xlpm.BaseDMG_Multiplier, Calculator!$C$65, _xlpm.StellarReactionBase,Calculator!$C$66 +MIN(_xlpm.ATK/100*0.7%,14%), _xlpm.Reaction_Bonus,Calculator!$C$68, _xlpm.EM_Bonus, (6/(1+2000/(_xlpm.EM+MIN(_xlpm.ATK/100*8,160)))), _xlpm.Reaction_AdditiveBaseDMGBonus,Calculator!$C$70, _xlpm.Elevation_Multiplier,Calculator!$C$72, _xlpm.RES_Multiplier, Calculator!$C$73, _xlpm.BaseDamage, PRODUCT( _xlpm.BaseReactionCoefficient, _xlpm.Ability, _xlpm.ATK, _xlpm.BaseDMG_Multiplier, (1+_xlpm.StellarReactionBase), (1+_xlpm.EM_Bonus+_xlpm.Reaction_Bonus) )+_xlpm.Reaction_AdditiveBaseDMGBonus, _xlpm.FinalDamage, PRODUCT( _xlpm.BaseDamage, (1+_xlpm.Elevation_Multiplier), _xlpm.RES_Multiplier, (1+_xlpm.CRIT_DMG) ), TRANSPOSE(_xlfn.VSTACK( _xlpm.BaseATK, _xlpm.BaseDamage, _xlpm.FinalDamage, _xlpm.Total_ATK_Buffs, _xlpm.Total_ATK_Buffs_Artifacts, _xlpm.Total_ATK_Buffs_Others, _xlpm.Total_CRIT_DMG_Buffs, _xlpm.Total_CRIT_DMG_Buffs_Artifacts, _xlpm.Total_CRIT_DMG_Buffs_Others, _xlfn.TEXTJOIN(", ",TRUE,_xlpm.MainStats), _xlpm.ATK_Main, _xlpm.EM_Main, _xlpm.CRIT_DMG_Main, _xlpm.ATK_Sub, _xlpm.EM_Sub, _xlpm.CRIT_DMG_Sub, _xlpm.EM, _xlpm.ATK, _xlpm.CRIT_DMG, _xlpm.BaseReactionCoefficient, _xlpm.Ability, _xlpm.BaseDMG_Multiplier, _xlpm.StellarReactionBase, _xlpm.Reaction_Bonus, _xlpm.EM_Bonus, _xlpm.Reaction_AdditiveBaseDMGBonus, _xlpm.Elevation_Multiplier, _xlpm.RES_Multiplier ) ))} -> 907.03 | T9: 20902.208 | U9: 63306.1 | V9: 1.695 | W9: 1.515 | X9: 0.18 | Y9: 2.3652 | Z9: 1.8652 | AA9: 0.5 | AB9: %ATK, %ATK, %CRIT_DMG | AC9: 0.932 | AD9: 0 | AE9: 0.622 | AF9: 0.583 | AG9: 93.24 | AH9: 1.2432 | AI9: 203.24 | AJ9: 2444.4459 | AK9: 2.3652 | AL9: 2 | AM9: 1.615 | AN9: 1 | AO9: 0.14 | AP9: 0.4 | AQ9: 0.92222542 | AR9: 0 | AS9: 0 | AT9: 0.9
A10: %ATK | B10: %ATK | C10: %CRIT_DMG | D10: 11 | E10: 0 | F10: 19 | G10: =_xlfn.LET( _xlpm.BaseATK, Calculator!$B$26, _xlpm.MainStats, artifact_substat_cases[[#This Row],[Sands_Main]:[Circlet_Main]], _xlpm.ATK_Main,COUNTIF(_xlpm.MainStats,"%ATK")*46.6%, _xlpm.EM_Main,COUNTIF(_xlpm.MainStats,"EM")*186.5, _xlpm.CRIT_DMG_Main,COUNTIF(_xlpm.MainStats,"%CRIT_DMG")*62.2%, _xlpm.ATK_Sub,artifact_substat_cases[[#This Row],[%ATK]]*5.83%, _xlpm.EM_Sub,artifact_substat_cases[[#This Row],[EM]]*23.31, _xlpm.CRIT_DMG_Sub,artifact_substat_cases[[#This Row],[%CRIT_DMG]]*7.77%, _xlpm.EM,(Calculator!$B$47+ _xlpm.EM_Sub+_xlpm.EM_Main), _xlpm.ATK,(_xlpm.BaseATK*(1 +_xlpm.ATK_Sub+_xlpm.ATK_Main +Calculator!$B$31) +Calculator!$B$36), _xlpm.CRIT_DMG,(Calculator!$B$48+ _xlpm.CRIT_DMG_Sub+_xlpm.CRIT_DMG_Main), _xlpm.BaseReactionCoefficient, Calculator!$C$62, _xlpm.Ability,Calculator!$C$63, _xlpm.BaseDMG_Multiplier, Calculator!$C$65, _xlpm.StellarReactionBase,Calculator!$C$66 +MIN(_xlpm.ATK/100*0.7%,14%), _xlpm.Reaction_Bonus,Calculator!$C$68, _xlpm.EM_Bonus, (6/(1+2000/(_xlpm.EM+MIN(_xlpm.ATK/100*8,160)))), _xlpm.Reaction_AdditiveBaseDMGBonus,Calculator!$C$70, _xlpm.Elevation_Multiplier,Calculator!$C$72, _xlpm.RES_Multiplier, Calculator!$C$73, _xlpm.BaseDamage, PRODUCT( _xlpm.BaseReactionCoefficient, _xlpm.Ability, _xlpm.ATK, _xlpm.BaseDMG_Multiplier, (1 +_xlpm.StellarReactionBase), (1 +_xlpm.EM_Bonus + _xlpm.Reaction_Bonus) ) +_xlpm.Reaction_AdditiveBaseDMGBonus, _xlpm.FinalDamage,PRODUCT( _xlpm.BaseDamage, (1 +_xlpm.Elevation_Multiplier), _xlpm.RES_Multiplier, (1 +_xlpm.CRIT_DMG) ), _xlpm.FinalDamage ) -> 62944.36 | J10: 63298.155 | K10: %ATK | L10: %ATK | M10: %CRIT_DMG | N10: 7 | O10: 4 | P10: 19 | S10: {=_xlfn.LET( _xlpm.BaseATK, Calculator!$B$26, _xlpm.MainStats, $K10:$M10, _xlpm.ATK_Main,COUNTIF(_xlpm.MainStats,"%ATK")*46.6%, _xlpm.EM_Main,COUNTIF(_xlpm.MainStats,"EM")*186.5, _xlpm.CRIT_DMG_Main,COUNTIF(_xlpm.MainStats,"%CRIT_DMG")*62.2%, _xlpm.ATK_Sub,$N10*5.83%, _xlpm.EM_Sub,$O10*23.31, _xlpm.CRIT_DMG_Sub,$P10*7.77%, _xlpm.Total_ATK_Buffs_Others, Calculator!$B$31, _xlpm.Total_CRIT_DMG_Buffs_Others, Calculator!$B$48, _xlpm.Total_ATK_Buffs_Artifacts, _xlpm.ATK_Sub+_xlpm.ATK_Main, _xlpm.Total_CRIT_DMG_Buffs_Artifacts, _xlpm.CRIT_DMG_Sub+_xlpm.CRIT_DMG_Main, _xlpm.Total_ATK_Buffs, (_xlpm.Total_ATK_Buffs_Artifacts + _xlpm.Total_ATK_Buffs_Others), _xlpm.Total_CRIT_DMG_Buffs, (_xlpm.Total_CRIT_DMG_Buffs_Artifacts + _xlpm.Total_CRIT_DMG_Buffs_Others), _xlpm.EM,(Calculator!$B$47+ _xlpm.EM_Sub+_xlpm.EM_Main), _xlpm.ATK,(_xlpm.BaseATK*(1 +_xlpm.Total_ATK_Buffs) +Calculator!$B$36), _xlpm.CRIT_DMG,(_xlpm.Total_CRIT_DMG_Buffs), _xlpm.BaseReactionCoefficient, Calculator!$C$62, _xlpm.Ability,Calculator!$C$63, _xlpm.BaseDMG_Multiplier, Calculator!$C$65, _xlpm.StellarReactionBase,Calculator!$C$66 +MIN(_xlpm.ATK/100*0.7%,14%), _xlpm.Reaction_Bonus,Calculator!$C$68, _xlpm.EM_Bonus, (6/(1+2000/(_xlpm.EM+MIN(_xlpm.ATK/100*8,160)))), _xlpm.Reaction_AdditiveBaseDMGBonus,Calculator!$C$70, _xlpm.Elevation_Multiplier,Calculator!$C$72, _xlpm.RES_Multiplier, Calculator!$C$73, _xlpm.BaseDamage, PRODUCT( _xlpm.BaseReactionCoefficient, _xlpm.Ability, _xlpm.ATK, _xlpm.BaseDMG_Multiplier, (1+_xlpm.StellarReactionBase), (1+_xlpm.EM_Bonus+_xlpm.Reaction_Bonus) )+_xlpm.Reaction_AdditiveBaseDMGBonus, _xlpm.FinalDamage, PRODUCT( _xlpm.BaseDamage, (1+_xlpm.Elevation_Multiplier), _xlpm.RES_Multiplier, (1+_xlpm.CRIT_DMG) ), TRANSPOSE(_xlfn.VSTACK( _xlpm.BaseATK, _xlpm.BaseDamage, _xlpm.FinalDamage, _xlpm.Total_ATK_Buffs, _xlpm.Total_ATK_Buffs_Artifacts, _xlpm.Total_ATK_Buffs_Others, _xlpm.Total_CRIT_DMG_Buffs, _xlpm.Total_CRIT_DMG_Buffs_Artifacts, _xlpm.Total_CRIT_DMG_Buffs_Others, _xlfn.TEXTJOIN(", ",TRUE,_xlpm.MainStats), _xlpm.ATK_Main, _xlpm.EM_Main, _xlpm.CRIT_DMG_Main, _xlpm.ATK_Sub, _xlpm.EM_Sub, _xlpm.CRIT_DMG_Sub, _xlpm.EM, _xlpm.ATK, _xlpm.CRIT_DMG, _xlpm.BaseReactionCoefficient, _xlpm.Ability, _xlpm.BaseDMG_Multiplier, _xlpm.StellarReactionBase, _xlpm.Reaction_Bonus, _xlpm.EM_Bonus, _xlpm.Reaction_AdditiveBaseDMGBonus, _xlpm.Elevation_Multiplier, _xlpm.RES_Multiplier ) ))} -> 907.03 | T10: 19545.698 | U10: 63298.155 | V10: 1.5201 | W10: 1.3401 | X10: 0.18 | Y10: 2.5983 | Z10: 2.0983 | AA10: 0.5 | AB10: %ATK, %ATK, %CRIT_DMG | AC10: 0.932 | AD10: 0 | AE10: 0.622 | AF10: 0.4081 | AG10: 93.24 | AH10: 1.4763 | AI10: 203.24 | AJ10: 2285.8063 | AK10: 2.5983 | AL10: 2 | AM10: 1.615 | AN10: 1 | AO10: 0.14 | AP10: 0.4 | AQ10: 0.92222542 | AR10: 0 | AS10: 0 | AT10: 0.9
A11: %ATK | B11: %ATK | C11: %CRIT_DMG | D11: 9 | E11: 1 | F11: 20 | G11: =_xlfn.LET( _xlpm.BaseATK, Calculator!$B$26, _xlpm.MainStats, artifact_substat_cases[[#This Row],[Sands_Main]:[Circlet_Main]], _xlpm.ATK_Main,COUNTIF(_xlpm.MainStats,"%ATK")*46.6%, _xlpm.EM_Main,COUNTIF(_xlpm.MainStats,"EM")*186.5, _xlpm.CRIT_DMG_Main,COUNTIF(_xlpm.MainStats,"%CRIT_DMG")*62.2%, _xlpm.ATK_Sub,artifact_substat_cases[[#This Row],[%ATK]]*5.83%, _xlpm.EM_Sub,artifact_substat_cases[[#This Row],[EM]]*23.31, _xlpm.CRIT_DMG_Sub,artifact_substat_cases[[#This Row],[%CRIT_DMG]]*7.77%, _xlpm.EM,(Calculator!$B$47+ _xlpm.EM_Sub+_xlpm.EM_Main), _xlpm.ATK,(_xlpm.BaseATK*(1 +_xlpm.ATK_Sub+_xlpm.ATK_Main +Calculator!$B$31) +Calculator!$B$36), _xlpm.CRIT_DMG,(Calculator!$B$48+ _xlpm.CRIT_DMG_Sub+_xlpm.CRIT_DMG_Main), _xlpm.BaseReactionCoefficient, Calculator!$C$62, _xlpm.Ability,Calculator!$C$63, _xlpm.BaseDMG_Multiplier, Calculator!$C$65, _xlpm.StellarReactionBase,Calculator!$C$66 +MIN(_xlpm.ATK/100*0.7%,14%), _xlpm.Reaction_Bonus,Calculator!$C$68, _xlpm.EM_Bonus, (6/(1+2000/(_xlpm.EM+MIN(_xlpm.ATK/100*8,160)))), _xlpm.Reaction_AdditiveBaseDMGBonus,Calculator!$C$70, _xlpm.Elevation_Multiplier,Calculator!$C$72, _xlpm.RES_Multiplier, Calculator!$C$73, _xlpm.BaseDamage, PRODUCT( _xlpm.BaseReactionCoefficient, _xlpm.Ability, _xlpm.ATK, _xlpm.BaseDMG_Multiplier, (1 +_xlpm.StellarReactionBase), (1 +_xlpm.EM_Bonus + _xlpm.Reaction_Bonus) ) +_xlpm.Reaction_AdditiveBaseDMGBonus, _xlpm.FinalDamage,PRODUCT( _xlpm.BaseDamage, (1 +_xlpm.Elevation_Multiplier), _xlpm.RES_Multiplier, (1 +_xlpm.CRIT_DMG) ), _xlpm.FinalDamage ) -> 63145.811 | J11: 63288.994 | K11: %ATK | L11: %ATK | M11: %CRIT_DMG | N11: 8 | O11: 5 | P11: 17
A12: %ATK | B12: %ATK | C12: %CRIT_DMG | D12: 5 | E12: 1 | F12: 24 | G12: =_xlfn.LET( _xlpm.BaseATK, Calculator!$B$26, _xlpm.MainStats, artifact_substat_cases[[#This Row],[Sands_Main]:[Circlet_Main]], _xlpm.ATK_Main,COUNTIF(_xlpm.MainStats,"%ATK")*46.6%, _xlpm.EM_Main,COUNTIF(_xlpm.MainStats,"EM")*186.5, _xlpm.CRIT_DMG_Main,COUNTIF(_xlpm.MainStats,"%CRIT_DMG")*62.2%, _xlpm.ATK_Sub,artifact_substat_cases[[#This Row],[%ATK]]*5.83%, _xlpm.EM_Sub,artifact_substat_cases[[#This Row],[EM]]*23.31, _xlpm.CRIT_DMG_Sub,artifact_substat_cases[[#This Row],[%CRIT_DMG]]*7.77%, _xlpm.EM,(Calculator!$B$47+ _xlpm.EM_Sub+_xlpm.EM_Main), _xlpm.ATK,(_xlpm.BaseATK*(1 +_xlpm.ATK_Sub+_xlpm.ATK_Main +Calculator!$B$31) +Calculator!$B$36), _xlpm.CRIT_DMG,(Calculator!$B$48+ _xlpm.CRIT_DMG_Sub+_xlpm.CRIT_DMG_Main), _xlpm.BaseReactionCoefficient, Calculator!$C$62, _xlpm.Ability,Calculator!$C$63, _xlpm.BaseDMG_Multiplier, Calculator!$C$65, _xlpm.StellarReactionBase,Calculator!$C$66 +MIN(_xlpm.ATK/100*0.7%,14%), _xlpm.Reaction_Bonus,Calculator!$C$68, _xlpm.EM_Bonus, (6/(1+2000/(_xlpm.EM+MIN(_xlpm.ATK/100*8,160)))), _xlpm.Reaction_AdditiveBaseDMGBonus,Calculator!$C$70, _xlpm.Elevation_Multiplier,Calculator!$C$72, _xlpm.RES_Multiplier, Calculator!$C$73, _xlpm.BaseDamage, PRODUCT( _xlpm.BaseReactionCoefficient, _xlpm.Ability, _xlpm.ATK, _xlpm.BaseDMG_Multiplier, (1 +_xlpm.StellarReactionBase), (1 +_xlpm.EM_Bonus + _xlpm.Reaction_Bonus) ) +_xlpm.Reaction_AdditiveBaseDMGBonus, _xlpm.FinalDamage,PRODUCT( _xlpm.BaseDamage, (1 +_xlpm.Elevation_Multiplier), _xlpm.RES_Multiplier, (1 +_xlpm.CRIT_DMG) ), _xlpm.FinalDamage ) -> 62427.637 | J12: 63266.781 | K12: %ATK | L12: %ATK | M12: %CRIT_DMG | N12: 11 | O12: 3 | P12: 16
A13: %ATK | B13: %ATK | C13: %CRIT_DMG | D13: 10 | E13: 1 | F13: 19 | G13: =_xlfn.LET( _xlpm.BaseATK, Calculator!$B$26, _xlpm.MainStats, artifact_substat_cases[[#This Row],[Sands_Main]:[Circlet_Main]], _xlpm.ATK_Main,COUNTIF(_xlpm.MainStats,"%ATK")*46.6%, _xlpm.EM_Main,COUNTIF(_xlpm.MainStats,"EM")*186.5, _xlpm.CRIT_DMG_Main,COUNTIF(_xlpm.MainStats,"%CRIT_DMG")*62.2%, _xlpm.ATK_Sub,artifact_substat_cases[[#This Row],[%ATK]]*5.83%, _xlpm.EM_Sub,artifact_substat_cases[[#This Row],[EM]]*23.31, _xlpm.CRIT_DMG_Sub,artifact_substat_cases[[#This Row],[%CRIT_DMG]]*7.77%, _xlpm.EM,(Calculator!$B$47+ _xlpm.EM_Sub+_xlpm.EM_Main), _xlpm.ATK,(_xlpm.BaseATK*(1 +_xlpm.ATK_Sub+_xlpm.ATK_Main +Calculator!$B$31) +Calculator!$B$36), _xlpm.CRIT_DMG,(Calculator!$B$48+ _xlpm.CRIT_DMG_Sub+_xlpm.CRIT_DMG_Main), _xlpm.BaseReactionCoefficient, Calculator!$C$62, _xlpm.Ability,Calculator!$C$63, _xlpm.BaseDMG_Multiplier, Calculator!$C$65, _xlpm.StellarReactionBase,Calculator!$C$66 +MIN(_xlpm.ATK/100*0.7%,14%), _xlpm.Reaction_Bonus,Calculator!$C$68, _xlpm.EM_Bonus, (6/(1+2000/(_xlpm.EM+MIN(_xlpm.ATK/100*8,160)))), _xlpm.Reaction_AdditiveBaseDMGBonus,Calculator!$C$70, _xlpm.Elevation_Multiplier,Calculator!$C$72, _xlpm.RES_Multiplier, Calculator!$C$73, _xlpm.BaseDamage, PRODUCT( _xlpm.BaseReactionCoefficient, _xlpm.Ability, _xlpm.ATK, _xlpm.BaseDMG_Multiplier, (1 +_xlpm.StellarReactionBase), (1 +_xlpm.EM_Bonus + _xlpm.Reaction_Bonus) ) +_xlpm.Reaction_AdditiveBaseDMGBonus, _xlpm.FinalDamage,PRODUCT( _xlpm.BaseDamage, (1 +_xlpm.Elevation_Multiplier), _xlpm.RES_Multiplier, (1 +_xlpm.CRIT_DMG) ), _xlpm.FinalDamage ) -> 63177.795 | J13: 63259.403 | K13: %ATK | L13: %ATK | M13: %CRIT_DMG | N13: 9 | O13: 5 | P13: 16
A14: %ATK | B14: %ATK | C14: %CRIT_DMG | D14: 7 | E14: 2 | F14: 21 | G14: =_xlfn.LET( _xlpm.BaseATK, Calculator!$B$26, _xlpm.MainStats, artifact_substat_cases[[#This Row],[Sands_Main]:[Circlet_Main]], _xlpm.ATK_Main,COUNTIF(_xlpm.MainStats,"%ATK")*46.6%, _xlpm.EM_Main,COUNTIF(_xlpm.MainStats,"EM")*186.5, _xlpm.CRIT_DMG_Main,COUNTIF(_xlpm.MainStats,"%CRIT_DMG")*62.2%, _xlpm.ATK_Sub,artifact_substat_cases[[#This Row],[%ATK]]*5.83%, _xlpm.EM_Sub,artifact_substat_cases[[#This Row],[EM]]*23.31, _xlpm.CRIT_DMG_Sub,artifact_substat_cases[[#This Row],[%CRIT_DMG]]*7.77%, _xlpm.EM,(Calculator!$B$47+ _xlpm.EM_Sub+_xlpm.EM_Main), _xlpm.ATK,(_xlpm.BaseATK*(1 +_xlpm.ATK_Sub+_xlpm.ATK_Main +Calculator!$B$31) +Calculator!$B$36), _xlpm.CRIT_DMG,(Calculator!$B$48+ _xlpm.CRIT_DMG_Sub+_xlpm.CRIT_DMG_Main), _xlpm.BaseReactionCoefficient, Calculator!$C$62, _xlpm.Ability,Calculator!$C$63, _xlpm.BaseDMG_Multiplier, Calculator!$C$65, _xlpm.StellarReactionBase,Calculator!$C$66 +MIN(_xlpm.ATK/100*0.7%,14%), _xlpm.Reaction_Bonus,Calculator!$C$68, _xlpm.EM_Bonus, (6/(1+2000/(_xlpm.EM+MIN(_xlpm.ATK/100*8,160)))), _xlpm.Reaction_AdditiveBaseDMGBonus,Calculator!$C$70, _xlpm.Elevation_Multiplier,Calculator!$C$72, _xlpm.RES_Multiplier, Calculator!$C$73, _xlpm.BaseDamage, PRODUCT( _xlpm.BaseReactionCoefficient, _xlpm.Ability, _xlpm.ATK, _xlpm.BaseDMG_Multiplier, (1 +_xlpm.StellarReactionBase), (1 +_xlpm.EM_Bonus + _xlpm.Reaction_Bonus) ) +_xlpm.Reaction_AdditiveBaseDMGBonus, _xlpm.FinalDamage,PRODUCT( _xlpm.BaseDamage, (1 +_xlpm.Elevation_Multiplier), _xlpm.RES_Multiplier, (1 +_xlpm.CRIT_DMG) ), _xlpm.FinalDamage ) -> 63126.19 | J14: 63257.233 | K14: %ATK | L14: %ATK | M14: %CRIT_DMG | N14: 11 | O14: 2 | P14: 17
A15: %ATK | B15: %ATK | C15: %CRIT_DMG | D15: 12 | E15: 0 | F15: 18 | G15: =_xlfn.LET( _xlpm.BaseATK, Calculator!$B$26, _xlpm.MainStats, artifact_substat_cases[[#This Row],[Sands_Main]:[Circlet_Main]], _xlpm.ATK_Main,COUNTIF(_xlpm.MainStats,"%ATK")*46.6%, _xlpm.EM_Main,COUNTIF(_xlpm.MainStats,"EM")*186.5, _xlpm.CRIT_DMG_Main,COUNTIF(_xlpm.MainStats,"%CRIT_DMG")*62.2%, _xlpm.ATK_Sub,artifact_substat_cases[[#This Row],[%ATK]]*5.83%, _xlpm.EM_Sub,artifact_substat_cases[[#This Row],[EM]]*23.31, _xlpm.CRIT_DMG_Sub,artifact_substat_cases[[#This Row],[%CRIT_DMG]]*7.77%, _xlpm.EM,(Calculator!$B$47+ _xlpm.EM_Sub+_xlpm.EM_Main), _xlpm.ATK,(_xlpm.BaseATK*(1 +_xlpm.ATK_Sub+_xlpm.ATK_Main +Calculator!$B$31) +Calculator!$B$36), _xlpm.CRIT_DMG,(Calculator!$B$48+ _xlpm.CRIT_DMG_Sub+_xlpm.CRIT_DMG_Main), _xlpm.BaseReactionCoefficient, Calculator!$C$62, _xlpm.Ability,Calculator!$C$63, _xlpm.BaseDMG_Multiplier, Calculator!$C$65, _xlpm.StellarReactionBase,Calculator!$C$66 +MIN(_xlpm.ATK/100*0.7%,14%), _xlpm.Reaction_Bonus,Calculator!$C$68, _xlpm.EM_Bonus, (6/(1+2000/(_xlpm.EM+MIN(_xlpm.ATK/100*8,160)))), _xlpm.Reaction_AdditiveBaseDMGBonus,Calculator!$C$70, _xlpm.Elevation_Multiplier,Calculator!$C$72, _xlpm.RES_Multiplier, Calculator!$C$73, _xlpm.BaseDamage, PRODUCT( _xlpm.BaseReactionCoefficient, _xlpm.Ability, _xlpm.ATK, _xlpm.BaseDMG_Multiplier, (1 +_xlpm.StellarReactionBase), (1 +_xlpm.EM_Bonus + _xlpm.Reaction_Bonus) ) +_xlpm.Reaction_AdditiveBaseDMGBonus, _xlpm.FinalDamage,PRODUCT( _xlpm.BaseDamage, (1 +_xlpm.Elevation_Multiplier), _xlpm.RES_Multiplier, (1 +_xlpm.CRIT_DMG) ), _xlpm.FinalDamage ) -> 62889.21 | J15: 63256.418 | K15: %ATK | L15: %ATK | M15: %CRIT_DMG | N15: 7 | O15: 3 | P15: 20
A16: %ATK | B16: %ATK | C16: %CRIT_DMG | D16: 6 | E16: 2 | F16: 22 | G16: =_xlfn.LET( _xlpm.BaseATK, Calculator!$B$26, _xlpm.MainStats, artifact_substat_cases[[#This Row],[Sands_Main]:[Circlet_Main]], _xlpm.ATK_Main,COUNTIF(_xlpm.MainStats,"%ATK")*46.6%, _xlpm.EM_Main,COUNTIF(_xlpm.MainStats,"EM")*186.5, _xlpm.CRIT_DMG_Main,COUNTIF(_xlpm.MainStats,"%CRIT_DMG")*62.2%, _xlpm.ATK_Sub,artifact_substat_cases[[#This Row],[%ATK]]*5.83%, _xlpm.EM_Sub,artifact_substat_cases[[#This Row],[EM]]*23.31, _xlpm.CRIT_DMG_Sub,artifact_substat_cases[[#This Row],[%CRIT_DMG]]*7.77%, _xlpm.EM,(Calculator!$B$47+ _xlpm.EM_Sub+_xlpm.EM_Main), _xlpm.ATK,(_xlpm.BaseATK*(1 +_xlpm.ATK_Sub+_xlpm.ATK_Main +Calculator!$B$31) +Calculator!$B$36), _xlpm.CRIT_DMG,(Calculator!$B$48+ _xlpm.CRIT_DMG_Sub+_xlpm.CRIT_DMG_Main), _xlpm.BaseReactionCoefficient, Calculator!$C$62, _xlpm.Ability,Calculator!$C$63, _xlpm.BaseDMG_Multiplier, Calculator!$C$65, _xlpm.StellarReactionBase,Calculator!$C$66 +MIN(_xlpm.ATK/100*0.7%,14%), _xlpm.Reaction_Bonus,Calculator!$C$68, _xlpm.EM_Bonus, (6/(1+2000/(_xlpm.EM+MIN(_xlpm.ATK/100*8,160)))), _xlpm.Reaction_AdditiveBaseDMGBonus,Calculator!$C$70, _xlpm.Elevation_Multiplier,Calculator!$C$72, _xlpm.RES_Multiplier, Calculator!$C$73, _xlpm.BaseDamage, PRODUCT( _xlpm.BaseReactionCoefficient, _xlpm.Ability, _xlpm.ATK, _xlpm.BaseDMG_Multiplier, (1 +_xlpm.StellarReactionBase), (1 +_xlpm.EM_Bonus + _xlpm.Reaction_Bonus) ) +_xlpm.Reaction_AdditiveBaseDMGBonus, _xlpm.FinalDamage,PRODUCT( _xlpm.BaseDamage, (1 +_xlpm.Elevation_Multiplier), _xlpm.RES_Multiplier, (1 +_xlpm.CRIT_DMG) ), _xlpm.FinalDamage ) -> 62942.285 | J16: 63253.993 | K16: %ATK | L16: %ATK | M16: %CRIT_DMG | N16: 7 | O16: 5 | P16: 18
A17: %ATK | B17: %ATK | C17: %CRIT_DMG | D17: 8 | E17: 2 | F17: 20 | G17: =_xlfn.LET( _xlpm.BaseATK, Calculator!$B$26, _xlpm.MainStats, artifact_substat_cases[[#This Row],[Sands_Main]:[Circlet_Main]], _xlpm.ATK_Main,COUNTIF(_xlpm.MainStats,"%ATK")*46.6%, _xlpm.EM_Main,COUNTIF(_xlpm.MainStats,"EM")*186.5, _xlpm.CRIT_DMG_Main,COUNTIF(_xlpm.MainStats,"%CRIT_DMG")*62.2%, _xlpm.ATK_Sub,artifact_substat_cases[[#This Row],[%ATK]]*5.83%, _xlpm.EM_Sub,artifact_substat_cases[[#This Row],[EM]]*23.31, _xlpm.CRIT_DMG_Sub,artifact_substat_cases[[#This Row],[%CRIT_DMG]]*7.77%, _xlpm.EM,(Calculator!$B$47+ _xlpm.EM_Sub+_xlpm.EM_Main), _xlpm.ATK,(_xlpm.BaseATK*(1 +_xlpm.ATK_Sub+_xlpm.ATK_Main +Calculator!$B$31) +Calculator!$B$36), _xlpm.CRIT_DMG,(Calculator!$B$48+ _xlpm.CRIT_DMG_Sub+_xlpm.CRIT_DMG_Main), _xlpm.BaseReactionCoefficient, Calculator!$C$62, _xlpm.Ability,Calculator!$C$63, _xlpm.BaseDMG_Multiplier, Calculator!$C$65, _xlpm.StellarReactionBase,Calculator!$C$66 +MIN(_xlpm.ATK/100*0.7%,14%), _xlpm.Reaction_Bonus,Calculator!$C$68, _xlpm.EM_Bonus, (6/(1+2000/(_xlpm.EM+MIN(_xlpm.ATK/100*8,160)))), _xlpm.Reaction_AdditiveBaseDMGBonus,Calculator!$C$70, _xlpm.Elevation_Multiplier,Calculator!$C$72, _xlpm.RES_Multiplier, Calculator!$C$73, _xlpm.BaseDamage, PRODUCT( _xlpm.BaseReactionCoefficient, _xlpm.Ability, _xlpm.ATK, _xlpm.BaseDMG_Multiplier, (1 +_xlpm.StellarReactionBase), (1 +_xlpm.EM_Bonus + _xlpm.Reaction_Bonus) ) +_xlpm.Reaction_AdditiveBaseDMGBonus, _xlpm.FinalDamage,PRODUCT( _xlpm.BaseDamage, (1 +_xlpm.Elevation_Multiplier), _xlpm.RES_Multiplier, (1 +_xlpm.CRIT_DMG) ), _xlpm.FinalDamage ) -> 63249.637 | J17: 63249.637 | K17: %ATK | L17: %ATK | M17: %CRIT_DMG | N17: 8 | O17: 2 | P17: 20
A18: %ATK | B18: %ATK | C18: %CRIT_DMG | D18: 5 | E18: 2 | F18: 23 | G18: =_xlfn.LET( _xlpm.BaseATK, Calculator!$B$26, _xlpm.MainStats, artifact_substat_cases[[#This Row],[Sands_Main]:[Circlet_Main]], _xlpm.ATK_Main,COUNTIF(_xlpm.MainStats,"%ATK")*46.6%, _xlpm.EM_Main,COUNTIF(_xlpm.MainStats,"EM")*186.5, _xlpm.CRIT_DMG_Main,COUNTIF(_xlpm.MainStats,"%CRIT_DMG")*62.2%, _xlpm.ATK_Sub,artifact_substat_cases[[#This Row],[%ATK]]*5.83%, _xlpm.EM_Sub,artifact_substat_cases[[#This Row],[EM]]*23.31, _xlpm.CRIT_DMG_Sub,artifact_substat_cases[[#This Row],[%CRIT_DMG]]*7.77%, _xlpm.EM,(Calculator!$B$47+ _xlpm.EM_Sub+_xlpm.EM_Main), _xlpm.ATK,(_xlpm.BaseATK*(1 +_xlpm.ATK_Sub+_xlpm.ATK_Main +Calculator!$B$31) +Calculator!$B$36), _xlpm.CRIT_DMG,(Calculator!$B$48+ _xlpm.CRIT_DMG_Sub+_xlpm.CRIT_DMG_Main), _xlpm.BaseReactionCoefficient, Calculator!$C$62, _xlpm.Ability,Calculator!$C$63, _xlpm.BaseDMG_Multiplier, Calculator!$C$65, _xlpm.StellarReactionBase,Calculator!$C$66 +MIN(_xlpm.ATK/100*0.7%,14%), _xlpm.Reaction_Bonus,Calculator!$C$68, _xlpm.EM_Bonus, (6/(1+2000/(_xlpm.EM+MIN(_xlpm.ATK/100*8,160)))), _xlpm.Reaction_AdditiveBaseDMGBonus,Calculator!$C$70, _xlpm.Elevation_Multiplier,Calculator!$C$72, _xlpm.RES_Multiplier, Calculator!$C$73, _xlpm.BaseDamage, PRODUCT( _xlpm.BaseReactionCoefficient, _xlpm.Ability, _xlpm.ATK, _xlpm.BaseDMG_Multiplier, (1 +_xlpm.StellarReactionBase), (1 +_xlpm.EM_Bonus + _xlpm.Reaction_Bonus) ) +_xlpm.Reaction_AdditiveBaseDMGBonus, _xlpm.FinalDamage,PRODUCT( _xlpm.BaseDamage, (1 +_xlpm.Elevation_Multiplier), _xlpm.RES_Multiplier, (1 +_xlpm.CRIT_DMG) ), _xlpm.FinalDamage ) -> 62697.923 | J18: 63182.267 | K18: %ATK | L18: %ATK | M18: %CRIT_DMG | N18: 11 | O18: 4 | P18: 15
A19: %ATK | B19: %ATK | C19: %CRIT_DMG | D19: 11 | E19: 1 | F19: 18 | G19: =_xlfn.LET( _xlpm.BaseATK, Calculator!$B$26, _xlpm.MainStats, artifact_substat_cases[[#This Row],[Sands_Main]:[Circlet_Main]], _xlpm.ATK_Main,COUNTIF(_xlpm.MainStats,"%ATK")*46.6%, _xlpm.EM_Main,COUNTIF(_xlpm.MainStats,"EM")*186.5, _xlpm.CRIT_DMG_Main,COUNTIF(_xlpm.MainStats,"%CRIT_DMG")*62.2%, _xlpm.ATK_Sub,artifact_substat_cases[[#This Row],[%ATK]]*5.83%, _xlpm.EM_Sub,artifact_substat_cases[[#This Row],[EM]]*23.31, _xlpm.CRIT_DMG_Sub,artifact_substat_cases[[#This Row],[%CRIT_DMG]]*7.77%, _xlpm.EM,(Calculator!$B$47+ _xlpm.EM_Sub+_xlpm.EM_Main), _xlpm.ATK,(_xlpm.BaseATK*(1 +_xlpm.ATK_Sub+_xlpm.ATK_Main +Calculator!$B$31) +Calculator!$B$36), _xlpm.CRIT_DMG,(Calculator!$B$48+ _xlpm.CRIT_DMG_Sub+_xlpm.CRIT_DMG_Main), _xlpm.BaseReactionCoefficient, Calculator!$C$62, _xlpm.Ability,Calculator!$C$63, _xlpm.BaseDMG_Multiplier, Calculator!$C$65, _xlpm.StellarReactionBase,Calculator!$C$66 +MIN(_xlpm.ATK/100*0.7%,14%), _xlpm.Reaction_Bonus,Calculator!$C$68, _xlpm.EM_Bonus, (6/(1+2000/(_xlpm.EM+MIN(_xlpm.ATK/100*8,160)))), _xlpm.Reaction_AdditiveBaseDMGBonus,Calculator!$C$70, _xlpm.Elevation_Multiplier,Calculator!$C$72, _xlpm.RES_Multiplier, Calculator!$C$73, _xlpm.BaseDamage, PRODUCT( _xlpm.BaseReactionCoefficient, _xlpm.Ability, _xlpm.ATK, _xlpm.BaseDMG_Multiplier, (1 +_xlpm.StellarReactionBase), (1 +_xlpm.EM_Bonus + _xlpm.Reaction_Bonus) ) +_xlpm.Reaction_AdditiveBaseDMGBonus, _xlpm.FinalDamage,PRODUCT( _xlpm.BaseDamage, (1 +_xlpm.Elevation_Multiplier), _xlpm.RES_Multiplier, (1 +_xlpm.CRIT_DMG) ), _xlpm.FinalDamage ) -> 63150.754 | J19: 63177.795 | K19: %ATK | L19: %ATK | M19: %CRIT_DMG | N19: 10 | O19: 1 | P19: 19
A20: %ATK | B20: %ATK | C20: %CRIT_DMG | D20: 9 | E20: 2 | F20: 19 | G20: =_xlfn.LET( _xlpm.BaseATK, Calculator!$B$26, _xlpm.MainStats, artifact_substat_cases[[#This Row],[Sands_Main]:[Circlet_Main]], _xlpm.ATK_Main,COUNTIF(_xlpm.MainStats,"%ATK")*46.6%, _xlpm.EM_Main,COUNTIF(_xlpm.MainStats,"EM")*186.5, _xlpm.CRIT_DMG_Main,COUNTIF(_xlpm.MainStats,"%CRIT_DMG")*62.2%, _xlpm.ATK_Sub,artifact_substat_cases[[#This Row],[%ATK]]*5.83%, _xlpm.EM_Sub,artifact_substat_cases[[#This Row],[EM]]*23.31, _xlpm.CRIT_DMG_Sub,artifact_substat_cases[[#This Row],[%CRIT_DMG]]*7.77%, _xlpm.EM,(Calculator!$B$47+ _xlpm.EM_Sub+_xlpm.EM_Main), _xlpm.ATK,(_xlpm.BaseATK*(1 +_xlpm.ATK_Sub+_xlpm.ATK_Main +Calculator!$B$31) +Calculator!$B$36), _xlpm.CRIT_DMG,(Calculator!$B$48+ _xlpm.CRIT_DMG_Sub+_xlpm.CRIT_DMG_Main), _xlpm.BaseReactionCoefficient, Calculator!$C$62, _xlpm.Ability,Calculator!$C$63, _xlpm.BaseDMG_Multiplier, Calculator!$C$65, _xlpm.StellarReactionBase,Calculator!$C$66 +MIN(_xlpm.ATK/100*0.7%,14%), _xlpm.Reaction_Bonus,Calculator!$C$68, _xlpm.EM_Bonus, (6/(1+2000/(_xlpm.EM+MIN(_xlpm.ATK/100*8,160)))), _xlpm.Reaction_AdditiveBaseDMGBonus,Calculator!$C$70, _xlpm.Elevation_Multiplier,Calculator!$C$72, _xlpm.RES_Multiplier, Calculator!$C$73, _xlpm.BaseDamage, PRODUCT( _xlpm.BaseReactionCoefficient, _xlpm.Ability, _xlpm.ATK, _xlpm.BaseDMG_Multiplier, (1 +_xlpm.StellarReactionBase), (1 +_xlpm.EM_Bonus + _xlpm.Reaction_Bonus) ) +_xlpm.Reaction_AdditiveBaseDMGBonus, _xlpm.FinalDamage,PRODUCT( _xlpm.BaseDamage, (1 +_xlpm.Elevation_Multiplier), _xlpm.RES_Multiplier, (1 +_xlpm.CRIT_DMG) ), _xlpm.FinalDamage ) -> 63312.627 | J20: 63169.026 | K20: %ATK | L20: %ATK | M20: %CRIT_DMG | N20: 6 | O20: 4 | P20: 20
A21: %ATK | B21: %ATK | C21: %CRIT_DMG | D21: 4 | E21: 2 | F21: 24 | G21: =_xlfn.LET( _xlpm.BaseATK, Calculator!$B$26, _xlpm.MainStats, artifact_substat_cases[[#This Row],[Sands_Main]:[Circlet_Main]], _xlpm.ATK_Main,COUNTIF(_xlpm.MainStats,"%ATK")*46.6%, _xlpm.EM_Main,COUNTIF(_xlpm.MainStats,"EM")*186.5, _xlpm.CRIT_DMG_Main,COUNTIF(_xlpm.MainStats,"%CRIT_DMG")*62.2%, _xlpm.ATK_Sub,artifact_substat_cases[[#This Row],[%ATK]]*5.83%, _xlpm.EM_Sub,artifact_substat_cases[[#This Row],[EM]]*23.31, _xlpm.CRIT_DMG_Sub,artifact_substat_cases[[#This Row],[%CRIT_DMG]]*7.77%, _xlpm.EM,(Calculator!$B$47+ _xlpm.EM_Sub+_xlpm.EM_Main), _xlpm.ATK,(_xlpm.BaseATK*(1 +_xlpm.ATK_Sub+_xlpm.ATK_Main +Calculator!$B$31) +Calculator!$B$36), _xlpm.CRIT_DMG,(Calculator!$B$48+ _xlpm.CRIT_DMG_Sub+_xlpm.CRIT_DMG_Main), _xlpm.BaseReactionCoefficient, Calculator!$C$62, _xlpm.Ability,Calculator!$C$63, _xlpm.BaseDMG_Multiplier, Calculator!$C$65, _xlpm.StellarReactionBase,Calculator!$C$66 +MIN(_xlpm.ATK/100*0.7%,14%), _xlpm.Reaction_Bonus,Calculator!$C$68, _xlpm.EM_Bonus, (6/(1+2000/(_xlpm.EM+MIN(_xlpm.ATK/100*8,160)))), _xlpm.Reaction_AdditiveBaseDMGBonus,Calculator!$C$70, _xlpm.Elevation_Multiplier,Calculator!$C$72, _xlpm.RES_Multiplier, Calculator!$C$73, _xlpm.BaseDamage, PRODUCT( _xlpm.BaseReactionCoefficient, _xlpm.Ability, _xlpm.ATK, _xlpm.BaseDMG_Multiplier, (1 +_xlpm.StellarReactionBase), (1 +_xlpm.EM_Bonus + _xlpm.Reaction_Bonus) ) +_xlpm.Reaction_AdditiveBaseDMGBonus, _xlpm.FinalDamage,PRODUCT( _xlpm.BaseDamage, (1 +_xlpm.Elevation_Multiplier), _xlpm.RES_Multiplier, (1 +_xlpm.CRIT_DMG) ), _xlpm.FinalDamage ) -> 62393.102 | J21: 63165.221 | K21: %ATK | L21: %ATK | M21: %CRIT_DMG | N21: 10 | O21: 5 | P21: 15
A22: %ATK | B22: %ATK | C22: %CRIT_DMG | D22: 13 | E22: 0 | F22: 17 | G22: =_xlfn.LET( _xlpm.BaseATK, Calculator!$B$26, _xlpm.MainStats, artifact_substat_cases[[#This Row],[Sands_Main]:[Circlet_Main]], _xlpm.ATK_Main,COUNTIF(_xlpm.MainStats,"%ATK")*46.6%, _xlpm.EM_Main,COUNTIF(_xlpm.MainStats,"EM")*186.5, _xlpm.CRIT_DMG_Main,COUNTIF(_xlpm.MainStats,"%CRIT_DMG")*62.2%, _xlpm.ATK_Sub,artifact_substat_cases[[#This Row],[%ATK]]*5.83%, _xlpm.EM_Sub,artifact_substat_cases[[#This Row],[EM]]*23.31, _xlpm.CRIT_DMG_Sub,artifact_substat_cases[[#This Row],[%CRIT_DMG]]*7.77%, _xlpm.EM,(Calculator!$B$47+ _xlpm.EM_Sub+_xlpm.EM_Main), _xlpm.ATK,(_xlpm.BaseATK*(1 +_xlpm.ATK_Sub+_xlpm.ATK_Main +Calculator!$B$31) +Calculator!$B$36), _xlpm.CRIT_DMG,(Calculator!$B$48+ _xlpm.CRIT_DMG_Sub+_xlpm.CRIT_DMG_Main), _xlpm.BaseReactionCoefficient, Calculator!$C$62, _xlpm.Ability,Calculator!$C$63, _xlpm.BaseDMG_Multiplier, Calculator!$C$65, _xlpm.StellarReactionBase,Calculator!$C$66 +MIN(_xlpm.ATK/100*0.7%,14%), _xlpm.Reaction_Bonus,Calculator!$C$68, _xlpm.EM_Bonus, (6/(1+2000/(_xlpm.EM+MIN(_xlpm.ATK/100*8,160)))), _xlpm.Reaction_AdditiveBaseDMGBonus,Calculator!$C$70, _xlpm.Elevation_Multiplier,Calculator!$C$72, _xlpm.RES_Multiplier, Calculator!$C$73, _xlpm.BaseDamage, PRODUCT( _xlpm.BaseReactionCoefficient, _xlpm.Ability, _xlpm.ATK, _xlpm.BaseDMG_Multiplier, (1 +_xlpm.StellarReactionBase), (1 +_xlpm.EM_Bonus + _xlpm.Reaction_Bonus) ) +_xlpm.Reaction_AdditiveBaseDMGBonus, _xlpm.FinalDamage,PRODUCT( _xlpm.BaseDamage, (1 +_xlpm.Elevation_Multiplier), _xlpm.RES_Multiplier, (1 +_xlpm.CRIT_DMG) ), _xlpm.FinalDamage ) -> 62776.499
A23: %ATK | B23: %ATK | C23: %CRIT_DMG | D23: 10 | E23: 2 | F23: 18 | G23: =_xlfn.LET( _xlpm.BaseATK, Calculator!$B$26, _xlpm.MainStats, artifact_substat_cases[[#This Row],[Sands_Main]:[Circlet_Main]], _xlpm.ATK_Main,COUNTIF(_xlpm.MainStats,"%ATK")*46.6%, _xlpm.EM_Main,COUNTIF(_xlpm.MainStats,"EM")*186.5, _xlpm.CRIT_DMG_Main,COUNTIF(_xlpm.MainStats,"%CRIT_DMG")*62.2%, _xlpm.ATK_Sub,artifact_substat_cases[[#This Row],[%ATK]]*5.83%, _xlpm.EM_Sub,artifact_substat_cases[[#This Row],[EM]]*23.31, _xlpm.CRIT_DMG_Sub,artifact_substat_cases[[#This Row],[%CRIT_DMG]]*7.77%, _xlpm.EM,(Calculator!$B$47+ _xlpm.EM_Sub+_xlpm.EM_Main), _xlpm.ATK,(_xlpm.BaseATK*(1 +_xlpm.ATK_Sub+_xlpm.ATK_Main +Calculator!$B$31) +Calculator!$B$36), _xlpm.CRIT_DMG,(Calculator!$B$48+ _xlpm.CRIT_DMG_Sub+_xlpm.CRIT_DMG_Main), _xlpm.BaseReactionCoefficient, Calculator!$C$62, _xlpm.Ability,Calculator!$C$63, _xlpm.BaseDMG_Multiplier, Calculator!$C$65, _xlpm.StellarReactionBase,Calculator!$C$66 +MIN(_xlpm.ATK/100*0.7%,14%), _xlpm.Reaction_Bonus,Calculator!$C$68, _xlpm.EM_Bonus, (6/(1+2000/(_xlpm.EM+MIN(_xlpm.ATK/100*8,160)))), _xlpm.Reaction_AdditiveBaseDMGBonus,Calculator!$C$70, _xlpm.Elevation_Multiplier,Calculator!$C$72, _xlpm.RES_Multiplier, Calculator!$C$73, _xlpm.BaseDamage, PRODUCT( _xlpm.BaseReactionCoefficient, _xlpm.Ability, _xlpm.ATK, _xlpm.BaseDMG_Multiplier, (1 +_xlpm.StellarReactionBase), (1 +_xlpm.EM_Bonus + _xlpm.Reaction_Bonus) ) +_xlpm.Reaction_AdditiveBaseDMGBonus, _xlpm.FinalDamage,PRODUCT( _xlpm.BaseDamage, (1 +_xlpm.Elevation_Multiplier), _xlpm.RES_Multiplier, (1 +_xlpm.CRIT_DMG) ), _xlpm.FinalDamage ) -> 63315.159
A24: %ATK | B24: %ATK | C24: %CRIT_DMG | D24: 6 | E24: 3 | F24: 21 | G24: =_xlfn.LET( _xlpm.BaseATK, Calculator!$B$26, _xlpm.MainStats, artifact_substat_cases[[#This Row],[Sands_Main]:[Circlet_Main]], _xlpm.ATK_Main,COUNTIF(_xlpm.MainStats,"%ATK")*46.6%, _xlpm.EM_Main,COUNTIF(_xlpm.MainStats,"EM")*186.5, _xlpm.CRIT_DMG_Main,COUNTIF(_xlpm.MainStats,"%CRIT_DMG")*62.2%, _xlpm.ATK_Sub,artifact_substat_cases[[#This Row],[%ATK]]*5.83%, _xlpm.EM_Sub,artifact_substat_cases[[#This Row],[EM]]*23.31, _xlpm.CRIT_DMG_Sub,artifact_substat_cases[[#This Row],[%CRIT_DMG]]*7.77%, _xlpm.EM,(Calculator!$B$47+ _xlpm.EM_Sub+_xlpm.EM_Main), _xlpm.ATK,(_xlpm.BaseATK*(1 +_xlpm.ATK_Sub+_xlpm.ATK_Main +Calculator!$B$31) +Calculator!$B$36), _xlpm.CRIT_DMG,(Calculator!$B$48+ _xlpm.CRIT_DMG_Sub+_xlpm.CRIT_DMG_Main), _xlpm.BaseReactionCoefficient, Calculator!$C$62, _xlpm.Ability,Calculator!$C$63, _xlpm.BaseDMG_Multiplier, Calculator!$C$65, _xlpm.StellarReactionBase,Calculator!$C$66 +MIN(_xlpm.ATK/100*0.7%,14%), _xlpm.Reaction_Bonus,Calculator!$C$68, _xlpm.EM_Bonus, (6/(1+2000/(_xlpm.EM+MIN(_xlpm.ATK/100*8,160)))), _xlpm.Reaction_AdditiveBaseDMGBonus,Calculator!$C$70, _xlpm.Elevation_Multiplier,Calculator!$C$72, _xlpm.RES_Multiplier, Calculator!$C$73, _xlpm.BaseDamage, PRODUCT( _xlpm.BaseReactionCoefficient, _xlpm.Ability, _xlpm.ATK, _xlpm.BaseDMG_Multiplier, (1 +_xlpm.StellarReactionBase), (1 +_xlpm.EM_Bonus + _xlpm.Reaction_Bonus) ) +_xlpm.Reaction_AdditiveBaseDMGBonus, _xlpm.FinalDamage,PRODUCT( _xlpm.BaseDamage, (1 +_xlpm.Elevation_Multiplier), _xlpm.RES_Multiplier, (1 +_xlpm.CRIT_DMG) ), _xlpm.FinalDamage ) -> 63099.17
A25: %ATK | B25: %ATK | C25: %CRIT_DMG | D25: 7 | E25: 3 | F25: 20 | G25: =_xlfn.LET( _xlpm.BaseATK, Calculator!$B$26, _xlpm.MainStats, artifact_substat_cases[[#This Row],[Sands_Main]:[Circlet_Main]], _xlpm.ATK_Main,COUNTIF(_xlpm.MainStats,"%ATK")*46.6%, _xlpm.EM_Main,COUNTIF(_xlpm.MainStats,"EM")*186.5, _xlpm.CRIT_DMG_Main,COUNTIF(_xlpm.MainStats,"%CRIT_DMG")*62.2%, _xlpm.ATK_Sub,artifact_substat_cases[[#This Row],[%ATK]]*5.83%, _xlpm.EM_Sub,artifact_substat_cases[[#This Row],[EM]]*23.31, _xlpm.CRIT_DMG_Sub,artifact_substat_cases[[#This Row],[%CRIT_DMG]]*7.77%, _xlpm.EM,(Calculator!$B$47+ _xlpm.EM_Sub+_xlpm.EM_Main), _xlpm.ATK,(_xlpm.BaseATK*(1 +_xlpm.ATK_Sub+_xlpm.ATK_Main +Calculator!$B$31) +Calculator!$B$36), _xlpm.CRIT_DMG,(Calculator!$B$48+ _xlpm.CRIT_DMG_Sub+_xlpm.CRIT_DMG_Main), _xlpm.BaseReactionCoefficient, Calculator!$C$62, _xlpm.Ability,Calculator!$C$63, _xlpm.BaseDMG_Multiplier, Calculator!$C$65, _xlpm.StellarReactionBase,Calculator!$C$66 +MIN(_xlpm.ATK/100*0.7%,14%), _xlpm.Reaction_Bonus,Calculator!$C$68, _xlpm.EM_Bonus, (6/(1+2000/(_xlpm.EM+MIN(_xlpm.ATK/100*8,160)))), _xlpm.Reaction_AdditiveBaseDMGBonus,Calculator!$C$70, _xlpm.Elevation_Multiplier,Calculator!$C$72, _xlpm.RES_Multiplier, Calculator!$C$73, _xlpm.BaseDamage, PRODUCT( _xlpm.BaseReactionCoefficient, _xlpm.Ability, _xlpm.ATK, _xlpm.BaseDMG_Multiplier, (1 +_xlpm.StellarReactionBase), (1 +_xlpm.EM_Bonus + _xlpm.Reaction_Bonus) ) +_xlpm.Reaction_AdditiveBaseDMGBonus, _xlpm.FinalDamage,PRODUCT( _xlpm.BaseDamage, (1 +_xlpm.Elevation_Multiplier), _xlpm.RES_Multiplier, (1 +_xlpm.CRIT_DMG) ), _xlpm.FinalDamage ) -> 63256.418
A26: %ATK | B26: %ATK | C26: %CRIT_DMG | D26: 12 | E26: 1 | F26: 17 | G26: =_xlfn.LET( _xlpm.BaseATK, Calculator!$B$26, _xlpm.MainStats, artifact_substat_cases[[#This Row],[Sands_Main]:[Circlet_Main]], _xlpm.ATK_Main,COUNTIF(_xlpm.MainStats,"%ATK")*46.6%, _xlpm.EM_Main,COUNTIF(_xlpm.MainStats,"EM")*186.5, _xlpm.CRIT_DMG_Main,COUNTIF(_xlpm.MainStats,"%CRIT_DMG")*62.2%, _xlpm.ATK_Sub,artifact_substat_cases[[#This Row],[%ATK]]*5.83%, _xlpm.EM_Sub,artifact_substat_cases[[#This Row],[EM]]*23.31, _xlpm.CRIT_DMG_Sub,artifact_substat_cases[[#This Row],[%CRIT_DMG]]*7.77%, _xlpm.EM,(Calculator!$B$47+ _xlpm.EM_Sub+_xlpm.EM_Main), _xlpm.ATK,(_xlpm.BaseATK*(1 +_xlpm.ATK_Sub+_xlpm.ATK_Main +Calculator!$B$31) +Calculator!$B$36), _xlpm.CRIT_DMG,(Calculator!$B$48+ _xlpm.CRIT_DMG_Sub+_xlpm.CRIT_DMG_Main), _xlpm.BaseReactionCoefficient, Calculator!$C$62, _xlpm.Ability,Calculator!$C$63, _xlpm.BaseDMG_Multiplier, Calculator!$C$65, _xlpm.StellarReactionBase,Calculator!$C$66 +MIN(_xlpm.ATK/100*0.7%,14%), _xlpm.Reaction_Bonus,Calculator!$C$68, _xlpm.EM_Bonus, (6/(1+2000/(_xlpm.EM+MIN(_xlpm.ATK/100*8,160)))), _xlpm.Reaction_AdditiveBaseDMGBonus,Calculator!$C$70, _xlpm.Elevation_Multiplier,Calculator!$C$72, _xlpm.RES_Multiplier, Calculator!$C$73, _xlpm.BaseDamage, PRODUCT( _xlpm.BaseReactionCoefficient, _xlpm.Ability, _xlpm.ATK, _xlpm.BaseDMG_Multiplier, (1 +_xlpm.StellarReactionBase), (1 +_xlpm.EM_Bonus + _xlpm.Reaction_Bonus) ) +_xlpm.Reaction_AdditiveBaseDMGBonus, _xlpm.FinalDamage,PRODUCT( _xlpm.BaseDamage, (1 +_xlpm.Elevation_Multiplier), _xlpm.RES_Multiplier, (1 +_xlpm.CRIT_DMG) ), _xlpm.FinalDamage ) -> 63064.69
A27: %ATK | B27: %ATK | C27: %CRIT_DMG | D27: 5 | E27: 3 | F27: 22 | G27: =_xlfn.LET( _xlpm.BaseATK, Calculator!$B$26, _xlpm.MainStats, artifact_substat_cases[[#This Row],[Sands_Main]:[Circlet_Main]], _xlpm.ATK_Main,COUNTIF(_xlpm.MainStats,"%ATK")*46.6%, _xlpm.EM_Main,COUNTIF(_xlpm.MainStats,"EM")*186.5, _xlpm.CRIT_DMG_Main,COUNTIF(_xlpm.MainStats,"%CRIT_DMG")*62.2%, _xlpm.ATK_Sub,artifact_substat_cases[[#This Row],[%ATK]]*5.83%, _xlpm.EM_Sub,artifact_substat_cases[[#This Row],[EM]]*23.31, _xlpm.CRIT_DMG_Sub,artifact_substat_cases[[#This Row],[%CRIT_DMG]]*7.77%, _xlpm.EM,(Calculator!$B$47+ _xlpm.EM_Sub+_xlpm.EM_Main), _xlpm.ATK,(_xlpm.BaseATK*(1 +_xlpm.ATK_Sub+_xlpm.ATK_Main +Calculator!$B$31) +Calculator!$B$36), _xlpm.CRIT_DMG,(Calculator!$B$48+ _xlpm.CRIT_DMG_Sub+_xlpm.CRIT_DMG_Main), _xlpm.BaseReactionCoefficient, Calculator!$C$62, _xlpm.Ability,Calculator!$C$63, _xlpm.BaseDMG_Multiplier, Calculator!$C$65, _xlpm.StellarReactionBase,Calculator!$C$66 +MIN(_xlpm.ATK/100*0.7%,14%), _xlpm.Reaction_Bonus,Calculator!$C$68, _xlpm.EM_Bonus, (6/(1+2000/(_xlpm.EM+MIN(_xlpm.ATK/100*8,160)))), _xlpm.Reaction_AdditiveBaseDMGBonus,Calculator!$C$70, _xlpm.Elevation_Multiplier,Calculator!$C$72, _xlpm.RES_Multiplier, Calculator!$C$73, _xlpm.BaseDamage, PRODUCT( _xlpm.BaseReactionCoefficient, _xlpm.Ability, _xlpm.ATK, _xlpm.BaseDMG_Multiplier, (1 +_xlpm.StellarReactionBase), (1 +_xlpm.EM_Bonus + _xlpm.Reaction_Bonus) ) +_xlpm.Reaction_AdditiveBaseDMGBonus, _xlpm.FinalDamage,PRODUCT( _xlpm.BaseDamage, (1 +_xlpm.Elevation_Multiplier), _xlpm.RES_Multiplier, (1 +_xlpm.CRIT_DMG) ), _xlpm.FinalDamage ) -> 62880.059
A28: %ATK | B28: %ATK | C28: %CRIT_DMG | D28: 8 | E28: 3 | F28: 19 | G28: =_xlfn.LET( _xlpm.BaseATK, Calculator!$B$26, _xlpm.MainStats, artifact_substat_cases[[#This Row],[Sands_Main]:[Circlet_Main]], _xlpm.ATK_Main,COUNTIF(_xlpm.MainStats,"%ATK")*46.6%, _xlpm.EM_Main,COUNTIF(_xlpm.MainStats,"EM")*186.5, _xlpm.CRIT_DMG_Main,COUNTIF(_xlpm.MainStats,"%CRIT_DMG")*62.2%, _xlpm.ATK_Sub,artifact_substat_cases[[#This Row],[%ATK]]*5.83%, _xlpm.EM_Sub,artifact_substat_cases[[#This Row],[EM]]*23.31, _xlpm.CRIT_DMG_Sub,artifact_substat_cases[[#This Row],[%CRIT_DMG]]*7.77%, _xlpm.EM,(Calculator!$B$47+ _xlpm.EM_Sub+_xlpm.EM_Main), _xlpm.ATK,(_xlpm.BaseATK*(1 +_xlpm.ATK_Sub+_xlpm.ATK_Main +Calculator!$B$31) +Calculator!$B$36), _xlpm.CRIT_DMG,(Calculator!$B$48+ _xlpm.CRIT_DMG_Sub+_xlpm.CRIT_DMG_Main), _xlpm.BaseReactionCoefficient, Calculator!$C$62, _xlpm.Ability,Calculator!$C$63, _xlpm.BaseDMG_Multiplier, Calculator!$C$65, _xlpm.StellarReactionBase,Calculator!$C$66 +MIN(_xlpm.ATK/100*0.7%,14%), _xlpm.Reaction_Bonus,Calculator!$C$68, _xlpm.EM_Bonus, (6/(1+2000/(_xlpm.EM+MIN(_xlpm.ATK/100*8,160)))), _xlpm.Reaction_AdditiveBaseDMGBonus,Calculator!$C$70, _xlpm.Elevation_Multiplier,Calculator!$C$72, _xlpm.RES_Multiplier, Calculator!$C$73, _xlpm.BaseDamage, PRODUCT( _xlpm.BaseReactionCoefficient, _xlpm.Ability, _xlpm.ATK, _xlpm.BaseDMG_Multiplier, (1 +_xlpm.StellarReactionBase), (1 +_xlpm.EM_Bonus + _xlpm.Reaction_Bonus) ) +_xlpm.Reaction_AdditiveBaseDMGBonus, _xlpm.FinalDamage,PRODUCT( _xlpm.BaseDamage, (1 +_xlpm.Elevation_Multiplier), _xlpm.RES_Multiplier, (1 +_xlpm.CRIT_DMG) ), _xlpm.FinalDamage ) -> 63351.803
A29: %ATK | B29: %ATK | C29: %CRIT_DMG | D29: 4 | E29: 3 | F29: 23 | G29: =_xlfn.LET( _xlpm.BaseATK, Calculator!$B$26, _xlpm.MainStats, artifact_substat_cases[[#This Row],[Sands_Main]:[Circlet_Main]], _xlpm.ATK_Main,COUNTIF(_xlpm.MainStats,"%ATK")*46.6%, _xlpm.EM_Main,COUNTIF(_xlpm.MainStats,"EM")*186.5, _xlpm.CRIT_DMG_Main,COUNTIF(_xlpm.MainStats,"%CRIT_DMG")*62.2%, _xlpm.ATK_Sub,artifact_substat_cases[[#This Row],[%ATK]]*5.83%, _xlpm.EM_Sub,artifact_substat_cases[[#This Row],[EM]]*23.31, _xlpm.CRIT_DMG_Sub,artifact_substat_cases[[#This Row],[%CRIT_DMG]]*7.77%, _xlpm.EM,(Calculator!$B$47+ _xlpm.EM_Sub+_xlpm.EM_Main), _xlpm.ATK,(_xlpm.BaseATK*(1 +_xlpm.ATK_Sub+_xlpm.ATK_Main +Calculator!$B$31) +Calculator!$B$36), _xlpm.CRIT_DMG,(Calculator!$B$48+ _xlpm.CRIT_DMG_Sub+_xlpm.CRIT_DMG_Main), _xlpm.BaseReactionCoefficient, Calculator!$C$62, _xlpm.Ability,Calculator!$C$63, _xlpm.BaseDMG_Multiplier, Calculator!$C$65, _xlpm.StellarReactionBase,Calculator!$C$66 +MIN(_xlpm.ATK/100*0.7%,14%), _xlpm.Reaction_Bonus,Calculator!$C$68, _xlpm.EM_Bonus, (6/(1+2000/(_xlpm.EM+MIN(_xlpm.ATK/100*8,160)))), _xlpm.Reaction_AdditiveBaseDMGBonus,Calculator!$C$70, _xlpm.Elevation_Multiplier,Calculator!$C$72, _xlpm.RES_Multiplier, Calculator!$C$73, _xlpm.BaseDamage, PRODUCT( _xlpm.BaseReactionCoefficient, _xlpm.Ability, _xlpm.ATK, _xlpm.BaseDMG_Multiplier, (1 +_xlpm.StellarReactionBase), (1 +_xlpm.EM_Bonus + _xlpm.Reaction_Bonus) ) +_xlpm.Reaction_AdditiveBaseDMGBonus, _xlpm.FinalDamage,PRODUCT( _xlpm.BaseDamage, (1 +_xlpm.Elevation_Multiplier), _xlpm.RES_Multiplier, (1 +_xlpm.CRIT_DMG) ), _xlpm.FinalDamage ) -> 62599.085
A30: %ATK | B30: %ATK | C30: %CRIT_DMG | D30: 11 | E30: 2 | F30: 17 | G30: =_xlfn.LET( _xlpm.BaseATK, Calculator!$B$26, _xlpm.MainStats, artifact_substat_cases[[#This Row],[Sands_Main]:[Circlet_Main]], _xlpm.ATK_Main,COUNTIF(_xlpm.MainStats,"%ATK")*46.6%, _xlpm.EM_Main,COUNTIF(_xlpm.MainStats,"EM")*186.5, _xlpm.CRIT_DMG_Main,COUNTIF(_xlpm.MainStats,"%CRIT_DMG")*62.2%, _xlpm.ATK_Sub,artifact_substat_cases[[#This Row],[%ATK]]*5.83%, _xlpm.EM_Sub,artifact_substat_cases[[#This Row],[EM]]*23.31, _xlpm.CRIT_DMG_Sub,artifact_substat_cases[[#This Row],[%CRIT_DMG]]*7.77%, _xlpm.EM,(Calculator!$B$47+ _xlpm.EM_Sub+_xlpm.EM_Main), _xlpm.ATK,(_xlpm.BaseATK*(1 +_xlpm.ATK_Sub+_xlpm.ATK_Main +Calculator!$B$31) +Calculator!$B$36), _xlpm.CRIT_DMG,(Calculator!$B$48+ _xlpm.CRIT_DMG_Sub+_xlpm.CRIT_DMG_Main), _xlpm.BaseReactionCoefficient, Calculator!$C$62, _xlpm.Ability,Calculator!$C$63, _xlpm.BaseDMG_Multiplier, Calculator!$C$65, _xlpm.StellarReactionBase,Calculator!$C$66 +MIN(_xlpm.ATK/100*0.7%,14%), _xlpm.Reaction_Bonus,Calculator!$C$68, _xlpm.EM_Bonus, (6/(1+2000/(_xlpm.EM+MIN(_xlpm.ATK/100*8,160)))), _xlpm.Reaction_AdditiveBaseDMGBonus,Calculator!$C$70, _xlpm.Elevation_Multiplier,Calculator!$C$72, _xlpm.RES_Multiplier, Calculator!$C$73, _xlpm.BaseDamage, PRODUCT( _xlpm.BaseReactionCoefficient, _xlpm.Ability, _xlpm.ATK, _xlpm.BaseDMG_Multiplier, (1 +_xlpm.StellarReactionBase), (1 +_xlpm.EM_Bonus + _xlpm.Reaction_Bonus) ) +_xlpm.Reaction_AdditiveBaseDMGBonus, _xlpm.FinalDamage,PRODUCT( _xlpm.BaseDamage, (1 +_xlpm.Elevation_Multiplier), _xlpm.RES_Multiplier, (1 +_xlpm.CRIT_DMG) ), _xlpm.FinalDamage ) -> 63257.233
A31: %ATK | B31: %ATK | C31: %CRIT_DMG | D31: 9 | E31: 3 | F31: 18 | G31: =_xlfn.LET( _xlpm.BaseATK, Calculator!$B$26, _xlpm.MainStats, artifact_substat_cases[[#This Row],[Sands_Main]:[Circlet_Main]], _xlpm.ATK_Main,COUNTIF(_xlpm.MainStats,"%ATK")*46.6%, _xlpm.EM_Main,COUNTIF(_xlpm.MainStats,"EM")*186.5, _xlpm.CRIT_DMG_Main,COUNTIF(_xlpm.MainStats,"%CRIT_DMG")*62.2%, _xlpm.ATK_Sub,artifact_substat_cases[[#This Row],[%ATK]]*5.83%, _xlpm.EM_Sub,artifact_substat_cases[[#This Row],[EM]]*23.31, _xlpm.CRIT_DMG_Sub,artifact_substat_cases[[#This Row],[%CRIT_DMG]]*7.77%, _xlpm.EM,(Calculator!$B$47+ _xlpm.EM_Sub+_xlpm.EM_Main), _xlpm.ATK,(_xlpm.BaseATK*(1 +_xlpm.ATK_Sub+_xlpm.ATK_Main +Calculator!$B$31) +Calculator!$B$36), _xlpm.CRIT_DMG,(Calculator!$B$48+ _xlpm.CRIT_DMG_Sub+_xlpm.CRIT_DMG_Main), _xlpm.BaseReactionCoefficient, Calculator!$C$62, _xlpm.Ability,Calculator!$C$63, _xlpm.BaseDMG_Multiplier, Calculator!$C$65, _xlpm.StellarReactionBase,Calculator!$C$66 +MIN(_xlpm.ATK/100*0.7%,14%), _xlpm.Reaction_Bonus,Calculator!$C$68, _xlpm.EM_Bonus, (6/(1+2000/(_xlpm.EM+MIN(_xlpm.ATK/100*8,160)))), _xlpm.Reaction_AdditiveBaseDMGBonus,Calculator!$C$70, _xlpm.Elevation_Multiplier,Calculator!$C$72, _xlpm.RES_Multiplier, Calculator!$C$73, _xlpm.BaseDamage, PRODUCT( _xlpm.BaseReactionCoefficient, _xlpm.Ability, _xlpm.ATK, _xlpm.BaseDMG_Multiplier, (1 +_xlpm.StellarReactionBase), (1 +_xlpm.EM_Bonus + _xlpm.Reaction_Bonus) ) +_xlpm.Reaction_AdditiveBaseDMGBonus, _xlpm.FinalDamage,PRODUCT( _xlpm.BaseDamage, (1 +_xlpm.Elevation_Multiplier), _xlpm.RES_Multiplier, (1 +_xlpm.CRIT_DMG) ), _xlpm.FinalDamage ) -> 63385.325
A32: %ATK | B32: %ATK | C32: %CRIT_DMG | D32: 14 | E32: 0 | F32: 16 | G32: =_xlfn.LET( _xlpm.BaseATK, Calculator!$B$26, _xlpm.MainStats, artifact_substat_cases[[#This Row],[Sands_Main]:[Circlet_Main]], _xlpm.ATK_Main,COUNTIF(_xlpm.MainStats,"%ATK")*46.6%, _xlpm.EM_Main,COUNTIF(_xlpm.MainStats,"EM")*186.5, _xlpm.CRIT_DMG_Main,COUNTIF(_xlpm.MainStats,"%CRIT_DMG")*62.2%, _xlpm.ATK_Sub,artifact_substat_cases[[#This Row],[%ATK]]*5.83%, _xlpm.EM_Sub,artifact_substat_cases[[#This Row],[EM]]*23.31, _xlpm.CRIT_DMG_Sub,artifact_substat_cases[[#This Row],[%CRIT_DMG]]*7.77%, _xlpm.EM,(Calculator!$B$47+ _xlpm.EM_Sub+_xlpm.EM_Main), _xlpm.ATK,(_xlpm.BaseATK*(1 +_xlpm.ATK_Sub+_xlpm.ATK_Main +Calculator!$B$31) +Calculator!$B$36), _xlpm.CRIT_DMG,(Calculator!$B$48+ _xlpm.CRIT_DMG_Sub+_xlpm.CRIT_DMG_Main), _xlpm.BaseReactionCoefficient, Calculator!$C$62, _xlpm.Ability,Calculator!$C$63, _xlpm.BaseDMG_Multiplier, Calculator!$C$65, _xlpm.StellarReactionBase,Calculator!$C$66 +MIN(_xlpm.ATK/100*0.7%,14%), _xlpm.Reaction_Bonus,Calculator!$C$68, _xlpm.EM_Bonus, (6/(1+2000/(_xlpm.EM+MIN(_xlpm.ATK/100*8,160)))), _xlpm.Reaction_AdditiveBaseDMGBonus,Calculator!$C$70, _xlpm.Elevation_Multiplier,Calculator!$C$72, _xlpm.RES_Multiplier, Calculator!$C$73, _xlpm.BaseDamage, PRODUCT( _xlpm.BaseReactionCoefficient, _xlpm.Ability, _xlpm.ATK, _xlpm.BaseDMG_Multiplier, (1 +_xlpm.StellarReactionBase), (1 +_xlpm.EM_Bonus + _xlpm.Reaction_Bonus) ) +_xlpm.Reaction_AdditiveBaseDMGBonus, _xlpm.FinalDamage,PRODUCT( _xlpm.BaseDamage, (1 +_xlpm.Elevation_Multiplier), _xlpm.RES_Multiplier, (1 +_xlpm.CRIT_DMG) ), _xlpm.FinalDamage ) -> 62606.228
A33: %ATK | B33: %ATK | C33: %CRIT_DMG | D33: 3 | E33: 3 | F33: 24 | G33: =_xlfn.LET( _xlpm.BaseATK, Calculator!$B$26, _xlpm.MainStats, artifact_substat_cases[[#This Row],[Sands_Main]:[Circlet_Main]], _xlpm.ATK_Main,COUNTIF(_xlpm.MainStats,"%ATK")*46.6%, _xlpm.EM_Main,COUNTIF(_xlpm.MainStats,"EM")*186.5, _xlpm.CRIT_DMG_Main,COUNTIF(_xlpm.MainStats,"%CRIT_DMG")*62.2%, _xlpm.ATK_Sub,artifact_substat_cases[[#This Row],[%ATK]]*5.83%, _xlpm.EM_Sub,artifact_substat_cases[[#This Row],[EM]]*23.31, _xlpm.CRIT_DMG_Sub,artifact_substat_cases[[#This Row],[%CRIT_DMG]]*7.77%, _xlpm.EM,(Calculator!$B$47+ _xlpm.EM_Sub+_xlpm.EM_Main), _xlpm.ATK,(_xlpm.BaseATK*(1 +_xlpm.ATK_Sub+_xlpm.ATK_Main +Calculator!$B$31) +Calculator!$B$36), _xlpm.CRIT_DMG,(Calculator!$B$48+ _xlpm.CRIT_DMG_Sub+_xlpm.CRIT_DMG_Main), _xlpm.BaseReactionCoefficient, Calculator!$C$62, _xlpm.Ability,Calculator!$C$63, _xlpm.BaseDMG_Multiplier, Calculator!$C$65, _xlpm.StellarReactionBase,Calculator!$C$66 +MIN(_xlpm.ATK/100*0.7%,14%), _xlpm.Reaction_Bonus,Calculator!$C$68, _xlpm.EM_Bonus, (6/(1+2000/(_xlpm.EM+MIN(_xlpm.ATK/100*8,160)))), _xlpm.Reaction_AdditiveBaseDMGBonus,Calculator!$C$70, _xlpm.Elevation_Multiplier,Calculator!$C$72, _xlpm.RES_Multiplier, Calculator!$C$73, _xlpm.BaseDamage, PRODUCT( _xlpm.BaseReactionCoefficient, _xlpm.Ability, _xlpm.ATK, _xlpm.BaseDMG_Multiplier, (1 +_xlpm.StellarReactionBase), (1 +_xlpm.EM_Bonus + _xlpm.Reaction_Bonus) ) +_xlpm.Reaction_AdditiveBaseDMGBonus, _xlpm.FinalDamage,PRODUCT( _xlpm.BaseDamage, (1 +_xlpm.Elevation_Multiplier), _xlpm.RES_Multiplier, (1 +_xlpm.CRIT_DMG) ), _xlpm.FinalDamage ) -> 62256.248
... A1228: EM | B1228: EM | C1228: %CRIT_DMG | D1228: 0 | E1228: 18 | F1228: 12 | G1228: =_xlfn.LET( _xlpm.BaseATK, Calculator!$B$26, _xlpm.MainStats, artifact_substat_cases[[#This Row],[Sands_Main]:[Circlet_Main]], _xlpm.ATK_Main,COUNTIF(_xlpm.MainStats,"%ATK")*46.6%, _xlpm.EM_Main,COUNTIF(_xlpm.MainStats,"EM")*186.5, _xlpm.CRIT_DMG_Main,COUNTIF(_xlpm.MainStats,"%CRIT_DMG")*62.2%, _xlpm.ATK_Sub,artifact_substat_cases[[#This Row],[%ATK]]*5.83%, _xlpm.EM_Sub,artifact_substat_cases[[#This Row],[EM]]*23.31, _xlpm.CRIT_DMG_Sub,artifact_substat_cases[[#This Row],[%CRIT_DMG]]*7.77%, _xlpm.EM,(Calculator!$B$47+ _xlpm.EM_Sub+_xlpm.EM_Main), _xlpm.ATK,(_xlpm.BaseATK*(1 +_xlpm.ATK_Sub+_xlpm.ATK_Main +Calculator!$B$31) +Calculator!$B$36), _xlpm.CRIT_DMG,(Calculator!$B$48+ _xlpm.CRIT_DMG_Sub+_xlpm.CRIT_DMG_Main), _xlpm.BaseReactionCoefficient, Calculator!$C$62, _xlpm.Ability,Calculator!$C$63, _xlpm.BaseDMG_Multiplier, Calculator!$C$65, _xlpm.StellarReactionBase,Calculator!$C$66 +MIN(_xlpm.ATK/100*0.7%,14%), _xlpm.Reaction_Bonus,Calculator!$C$68, _xlpm.EM_Bonus, (6/(1+2000/(_xlpm.EM+MIN(_xlpm.ATK/100*8,160)))), _xlpm.Reaction_AdditiveBaseDMGBonus,Calculator!$C$70, _xlpm.Elevation_Multiplier,Calculator!$C$72, _xlpm.RES_Multiplier, Calculator!$C$73, _xlpm.BaseDamage, PRODUCT( _xlpm.BaseReactionCoefficient, _xlpm.Ability, _xlpm.ATK, _xlpm.BaseDMG_Multiplier, (1 +_xlpm.StellarReactionBase), (1 +_xlpm.EM_Bonus + _xlpm.Reaction_Bonus) ) +_xlpm.Reaction_AdditiveBaseDMGBonus, _xlpm.FinalDamage,PRODUCT( _xlpm.BaseDamage, (1 +_xlpm.Elevation_Multiplier), _xlpm.RES_Multiplier, (1 +_xlpm.CRIT_DMG) ), _xlpm.FinalDamage ) -> 34570.706

Sheet Weapon
B2: PlaceHolder (Sword only) | C2: Supported | D2: Final List | E2: BaseATK | F2: Buffs | G2: Buffs | H2: Description
B3: Please Choose a weapon | C3: TRUE | D3: =IF($C3, $B3,"") -> Please Choose a weapon | E3: None | F3: None | G3: None
B4: Teaspoon of Transcendence | C4: TRUE | D4: =IF(C4, B4,"") -> Teaspoon of Transcendence | E4: 674
B5: A Thousand Blazing Suns | C5: TRUE | D5: =IF(C5, B5,"") -> A Thousand Blazing Suns | E5: 741
B6: Redhorn Stonethresher | C6: TRUE | D6: =IF(C6, B6,"") -> Redhorn Stonethresher | E6: 542
B7: Verdict | C7: TRUE | D7: =IF(C7, B7,"") -> Verdict | E7: 674
B8: Mailed Flower | C8: TRUE | D8: =IF(C8, B8,"") -> Mailed Flower | E8: 565
B9: Tidal Shadow | C9: TRUE | D9: =IF(C9, B9,"") -> Tidal Shadow | E9: 510

Sheet Information
T1: Don't Touch | U1: Weapon | V1: Character Filter
B2: Number of Included Hits | C2: 0 | D2: 1 | E2: 2 | F2: 3 | G2: 4 | H2: 5 | I2: 6 | J2: 7 | K2: 8 | L2: 9 | M2: 10 | N2: 11 | O2: 12 | T2: Choose your character | U2: Type | V2: {=IF( COUNTIF(Interface!E10:H10,"Sandrone"), _xlfn._xlws.FILTER( T2:T101, (T2:T101<>"") * ISNA(MATCH(T2:T101, Interface!E10:H10, 0)) ), {"Must have Sandrone first";"Sandrone"} )} -> QiQi | X2: FilePath: | Y2: {=LEFT(CELL("filename",A1),FIND("[",CELL("filename",A1))-1)} -> D:\Stellar Conduct Calculator\
B3: Base Reaction Coefficient | C3: 1 | D3: 1.45 | E3: 1.5 | F3: 1.55 | G3: 1.6 | H3: 1.65 | I3: 1.7 | J3: 1.75 | K3: 1.8 | L3: 1.85 | M3: 1.9 | N3: 1.95 | O3: 2 | T3: Sandrone | V3: Yae Miko
B4: Cryo and Electro DMG Bonus | C4: 0.2 | D4: 0.29 | E4: 0.3 | F4: 0.31 | G4: 0.32 | H4: 0.33 | I4: 0.34 | J4: 0.35 | K4: 0.36 | L4: 0.37 | M4: 0.38 | N4: 0.39 | O4: 0.4 | T4: QiQi | V4: Bennett
B5: Enemy Physical RES Decrease | C5: 0.4 | T5: Yae Miko | V5: Beidou
T6: Bennett | V6: Diona
T7: Beidou | V7: Escoffier
B8: Sub-stats value for each roll | T8: Diona | V8: Nicole
B9: HP | C9: 298.75 | T9: Escoffier | V9: Xilonen
B10: ATK | C10: 19.45 | T10: Nicole | V10: Zhongli
B11: DEF | C11: 23.15 | T11: Xilonen | V11: Furina
B12: %HP | C12: 0.0583 | T12: Zhongli | V12: Kazuha
B13: %ATK | C13: 0.0583 | T13: Furina
B14: %DEF | C14: 0.0729 | T14: Kazuha
B15: EM | C15: 23.31
B16: %ER | C16: 0.0648
B17: %CR | C17: 0.0389
B18: %CD | C18: 0.0777
B20: Sandrone
B21: Ascension | C21: Level | D21: Base | E21: ‍Base | F21: Base | G21: ‍CRIT Rate‍
B22: Phase | D22: HP | E22: ATK‍ | F22: DEF
B23: 0✦ | C23: 1 | D23: 1029.59 | E23: 26.63 | F23: 58.57 | G23: —
C24: 20/20 | D24: 2670.75 | E24: 69.07 | F24: 151.94
B25: 1✦ | C25: 20/40 | D25: 3553.52 | E25: 91.9 | F25: 202.16 | G25: —
C26: 40/40 | D26: 5317.2 | E26: 137.51 | F26: 302.5
B27: 2✦ | C27: 40/50 | D27: 5944.44 | E27: 153.73 | F27: 338.18 | G27: 0.048
C28: 50/50 | D28: 6839.15 | E28: 176.87 | F28: 389.08
B29: 3✦ | C29: 50/60 | D29: 7675.46 | E29: 198.49 | F29: 436.66 | G29: 0.096
C30: 60/60 | D30: 8579.44 | E30: 221.87 | F30: 488.09
B31: 4✦ | C31: 60/70 | D31: 9206.67 | E31: 238.09 | F31: 523.78 | G31: 0.096
C32: 70/70 | D32: 10118.89 | E32: 261.68 | F32: 575.67
B33: 5✦ | C33: 70/80 | D33: 10746.12 | E33: 277.9 | F33: 611.36 | G33: 0.144
C34: 80/80 | D34: 11668.63 | E34: 301.76 | F34: 663.84
B35: 6✦ | C35: 80/90 | D35: 12295.87 | E35: 317.98 | F35: 699.52 | G35: 0.192
C36: 90/90 | D36: 13225.58 | E36: 342.03 | F36: 752.41
B37: 7✦ | C37: 90/100 | D37: 13695.07 | E37: 380.5 | F37: 779.12
C38: 100/100 | D38: 14165.6 | E38: 418.98 | F38: 805.89

Sheet Draft
B2: {=_xlfn.LET( _xlpm.a,{"%ATK","EM"}, _xlpm.b,{"%ATK","EM"}, _xlpm.c,{"%ATK","EM","%CRIT_DMG"}, _xlfn.VSTACK( {"Sands","Goblet","Circlet"}, _xlfn.MAKEARRAY(12,3,_xlfn.LAMBDA(_xlpm.r,_xlpm.col, CHOOSE(_xlpm.col, INDEX(_xlpm.a,MOD(_xlpm.r-1,2)+1), INDEX(_xlpm.b,MOD(INT((_xlpm.r-1)/2),2)+1), INDEX(_xlpm.c,MOD(INT((_xlpm.r-1)/4),3)+1) ))) ) )} -> Sands | C2: Goblet | D2: Circlet | J2: {=_xlfn.LET( _xlpm.a,{"%ATK","EM"}, _xlpm.b,{"%ATK","EM"}, _xlpm.c,{"%ATK","EM","%CRIT_DMG"}, _xlfn.MAKEARRAY(12,1,_xlfn.LAMBDA(_xlpm.r,_xlpm.col, INDEX(_xlpm.a,MOD(_xlpm.r-1,2)+1)&"/"& INDEX(_xlpm.b,MOD(INT((_xlpm.r-1)/2),2)+1)&"/"& INDEX(_xlpm.c,MOD(INT((_xlpm.r-1)/4),3)+1) )) )} -> %ATK/%ATK/%ATK | M2: {=_xlfn.LET( _xlpm.a,{"%ATK","EM"}, _xlpm.b,{"%ATK","EM"}, _xlpm.c,{"%ATK","EM","%CRIT_DMG"}, _xlfn.MAKEARRAY(12,3,_xlfn.LAMBDA(_xlpm.r,_xlpm.col, CHOOSE(_xlpm.col, INDEX(_xlpm.a,MOD(_xlpm.r-1,2)+1), INDEX(_xlpm.b,MOD(INT((_xlpm.r-1)/2),2)+1), INDEX(_xlpm.c,MOD(INT((_xlpm.r-1)/4),3)+1) ))) )} -> %ATK | N2: %ATK | O2: %ATK
B3: %ATK | C3: %ATK | D3: %ATK | J3: EM/%ATK/%ATK | M3: EM | N3: %ATK | O3: %ATK
B4: EM | C4: %ATK | D4: %ATK | J4: %ATK/EM/%ATK | M4: %ATK | N4: EM | O4: %ATK
B5: %ATK | C5: EM | D5: %ATK | J5: EM/EM/%ATK | M5: EM | N5: EM | O5: %ATK
B6: EM | C6: EM | D6: %ATK | J6: %ATK/%ATK/EM | M6: %ATK | N6: %ATK | O6: EM
B7: %ATK | C7: %ATK | D7: EM | J7: EM/%ATK/EM | M7: EM | N7: %ATK | O7: EM
B8: EM | C8: %ATK | D8: EM | J8: %ATK/EM/EM | M8: %ATK | N8: EM | O8: EM
B9: %ATK | C9: EM | D9: EM | J9: EM/EM/EM | M9: EM | N9: EM | O9: EM
B10: EM | C10: EM | D10: EM | J10: %ATK/%ATK/%CRIT_DMG | M10: %ATK | N10: %ATK | O10: %CRIT_DMG
B11: %ATK | C11: %ATK | D11: %CRIT_DMG | J11: EM/%ATK/%CRIT_DMG | M11: EM | N11: %ATK | O11: %CRIT_DMG
B12: EM | C12: %ATK | D12: %CRIT_DMG | J12: %ATK/EM/%CRIT_DMG | M12: %ATK | N12: EM | O12: %CRIT_DMG
B13: %ATK | C13: EM | D13: %CRIT_DMG | J13: EM/EM/%CRIT_DMG | M13: EM | N13: EM | O13: %CRIT_DMG
B14: EM | C14: EM | D14: %CRIT_DMG
J15: {=_xlfn.LET( _xlpm.sands,{"%ATK","EM","%DEF","%HP","%ER"}, _xlpm.globet,{"%ATK","EM","%DEF","%HP","%Elemental_Bonus","%Physical_Bonus"}, _xlpm.circlet,{"%ATK","EM","%CRIT_DMG","%DEF","%HP"}, _xlfn.VSTACK( {"Sands","Globet","Circlet"}, _xlfn.MAKEARRAY(150,3,_xlfn.LAMBDA(_xlpm.r,_xlpm.col, CHOOSE(_xlpm.col, INDEX(_xlpm.sands,MOD(_xlpm.r-1,5)+1), INDEX(_xlpm.globet,MOD(INT((_xlpm.r-1)/5),6)+1), INDEX(_xlpm.circlet,MOD(INT((_xlpm.r-1)/(5*6)),5)+1) ))) ) )} -> #VALUE!
B17: {=_xlfn.LET( _xlpm.Data,A2:G1000000, _xlpm.Headers,A1:G1, _xlpm.BestRow,MATCH(MAX(INDEX(_xlpm.Data,,7)),INDEX(_xlpm.Data,,7),0), _xlfn.VSTACK( _xlpm.Headers, INDEX(_xlpm.Data,_xlpm.BestRow,0) ) )} -> #VALUE! | C17: debug highest dmg
B18: {=_xlfn.LET( _xlpm.MainStats,A4:C4, _xlpm.ATK_Main,COUNTIF(_xlpm.MainStats,"%ATK")*46.6%, _xlpm.EM_Main,COUNTIF(_xlpm.MainStats,"EM")*186.5, _xlpm.CRIT_DMG_Main,COUNTIF(_xlpm.MainStats,"%CRIT_DMG")*62.2%, _xlfn.HSTACK(_xlpm.ATK_Main,_xlpm.EM_Main,_xlpm.CRIT_DMG_Main) )} -> #VALUE! | C18: debug main stats counts
B19: {=_xlfn.LET( _xlpm.ATK_Sub,artifact_substat_cases[[#This Row],[%ATK]]*5.83%, _xlpm.EM_Sub,artifact_substat_cases[[#This Row],[EM]]*23.31, _xlpm.CRIT_DMG_Sub,artifact_substat_cases[[#This Row],[%CRIT_DMG]]*7.77%, _xlfn.HSTACK(_xlpm.ATK_Sub,_xlpm.EM_Sub,_xlpm.CRIT_DMG_Sub) )} -> #VALUE! | C19: debug sub stats counts | J19: e
B20: {=TRANSPOSE(LARGE(_xlfn.UNIQUE(G2:G1000000),{1,2,3,4,5,6,7,8,9,10}))} -> #VALUE! | C20: debug show top 10 vertical
C21: debug all stats calculations
B22: {=_xlfn.LET( _xlpm.BaseATK,Calculator!$B$26, _xlpm.MainStats,artifact_substat_cases[[#This Row],[Sands_Main]:[Circlet_Main]], _xlpm.ATK_Main,COUNTIF(_xlpm.MainStats,"%ATK")*46.6%, _xlpm.EM_Main,COUNTIF(_xlpm.MainStats,"EM")*186.5, _xlpm.CRIT_DMG_Main,COUNTIF(_xlpm.MainStats,"%CRIT_DMG")*62.2%, _xlpm.ATK_Sub,artifact_substat_cases[[#This Row],[%ATK]]*5.83%, _xlpm.EM_Sub,artifact_substat_cases[[#This Row],[EM]]*23.31, _xlpm.CRIT_DMG_Sub,artifact_substat_cases[[#This Row],[%CRIT_DMG]]*7.77%, _xlpm.EM,(Calculator!$B$47+_xlpm.EM_Sub+_xlpm.EM_Main), _xlpm.ATK,(_xlpm.BaseATK*(1+_xlpm.ATK_Sub+_xlpm.ATK_Main)), _xlpm.CRIT_DMG,(Calculator!$B$48+_xlpm.CRIT_DMG_Sub+_xlpm.CRIT_DMG_Main), _xlpm.BaseReactionCoefficient,Calculator!$C$62, _xlpm.Ability,Calculator!$C$63, _xlpm.BaseDMG_Multiplier,Calculator!$C$65, _xlpm.StellarReactionBase,Calculator!$C$66+MIN(_xlpm.ATK/100*0.7%,14%), _xlpm.Reaction_Bonus,Calculator!$C$68, _xlpm.EM_Bonus,(6/(1+2000/(_xlpm.EM+MIN(_xlpm.ATK/100*8,160)))), _xlpm.Reaction_AdditiveBaseDMGBonus,Calculator!$C$70, _xlpm.Elevation_Multiplier,Calculator!$C$72, _xlpm.RES_Multiplier,Calculator!$C$73, _xlpm.BaseDamage, PRODUCT( _xlpm.BaseReactionCoefficient, _xlpm.Ability, _xlpm.ATK, _xlpm.BaseDMG_Multiplier, (1+_xlpm.StellarReactionBase), (1+_xlpm.EM_Bonus+_xlpm.Reaction_Bonus) )+_xlpm.Reaction_AdditiveBaseDMGBonus, _xlpm.FinalDamage, PRODUCT( _xlpm.BaseDamage, (1+_xlpm.Elevation_Multiplier), _xlpm.RES_Multiplier, (1+_xlpm.CRIT_DMG) ), TRANSPOSE(_xlfn.VSTACK( _xlpm.BaseATK, _xlpm.BaseDamage, _xlpm.FinalDamage, _xlfn.TEXTJOIN(", ",TRUE,_xlpm.MainStats), _xlpm.ATK_Main, _xlpm.EM_Main, _xlpm.CRIT_DMG_Main, _xlpm.ATK_Sub, _xlpm.EM_Sub, _xlpm.CRIT_DMG_Sub, _xlpm.EM, _xlpm.ATK, _xlpm.CRIT_DMG, _xlpm.BaseReactionCoefficient, _xlpm.Ability, _xlpm.BaseDMG_Multiplier, _xlpm.StellarReactionBase, _xlpm.Reaction_Bonus, _xlpm.EM_Bonus, _xlpm.Reaction_AdditiveBaseDMGBonus, _xlpm.Elevation_Multiplier, _xlpm.RES_Multiplier ) ))} -> 907.03 | C22: 18988.889 | D22: 58839.16 | E22: %ATK, %ATK, %CRIT_DMG | F22: 0.932 | G22: 0 | H22: 0.622 | I22: 0.7579 | J22: 0 | K22: 1.3209 | L22: 110 | M22: 2439.82 | N22: 2.4429 | O22: 2 | P22: 1.615 | Q22: 1 | R22: 0.14 | S22: 0.4 | T22: 0.71365639 | U22: 0 | V22: 0 | W22: 0.9
A26: filepath | B26: {=LEFT(CELL("filename",A1),FIND("[",CELL("filename",A1))-1)} -> D:\Stellar Conduct Calculator\

Sheet Draft 2
C2: Total case for Main Stats: | E2: =COUNTA({"%ATK","EM","%DEF","%HP","%ER"})* COUNTA({"%ATK","EM","%DEF","%HP","%Elemental_Bonus","%Physical_Bonus"})* COUNTA({"%ATK","EM","%CRIT_DMG","%DEF","%HP"}) -> 150
C4: Max Roll Sub-Stats
C6: Main Stats | F6: Total not exceed | G6: Sub-Stats
C7: {=_xlfn.LET( _xlpm.sands,{"%ATK","EM","%DEF","%HP","%ER"}, _xlpm.globet,{"%ATK","EM","%DEF","%HP","%Elemental_Bonus","%Physical_Bonus"}, _xlpm.circlet,{"%ATK","EM","%CRIT_DMG","%DEF","%HP"}, _xlfn.VSTACK( {"Sands","Globet","Circlet"}, _xlfn.MAKEARRAY(150,3,_xlfn.LAMBDA(_xlpm.r,_xlpm.col, CHOOSE(_xlpm.col, INDEX(_xlpm.sands,MOD(_xlpm.r-1,5)+1), INDEX(_xlpm.globet,MOD(INT((_xlpm.r-1)/5),6)+1), INDEX(_xlpm.circlet,MOD(INT((_xlpm.r-1)/(5*6)),5)+1) ))) ) )} -> Sands | D7: Globet | E7: Circlet | F7: 30 | G7: {=_xlfn.LET( _xlpm.sands,{"%ATK","EM","%DEF","%HP","%ER"}, _xlpm.globet,{"%ATK","EM","%DEF","%HP","%Elemental_Bonus","%Physical_Bonus"}, _xlpm.circlet,{"%ATK","EM","%CRIT_DMG","%DEF","%HP"}, _xlpm.subs,{"%HP","%ATK","%DEF","EM","%ER","%CRIT_DMG"}, _xlfn.VSTACK( _xlpm.subs, _xlfn.MAKEARRAY(150,6,_xlfn.LAMBDA(_xlpm.r,_xlpm.col, _xlfn.LET( _xlpm.s,INDEX(_xlpm.sands,MOD(_xlpm.r-1,5)+1), _xlpm.g,INDEX(_xlpm.globet,MOD(INT((_xlpm.r-1)/5),6)+1), _xlpm.c,INDEX(_xlpm.circlet,MOD(INT((_xlpm.r-1)/(5*6)),5)+1), _xlpm.stat,INDEX(_xlpm.subs,_xlpm.col), (5-((_xlpm.s=_xlpm.stat)+(_xlpm.g=_xlpm.stat)+(_xlpm.c=_xlpm.stat)))*6 ) )) ) )} -> %HP | H7: %ATK | I7: %DEF | J7: EM | K7: %ER | L7: %CRIT_DMG
C8: %ATK | D8: %ATK | E8: %ATK | G8: 30 | H8: 12 | I8: 30 | J8: 30 | K8: 30 | L8: 30
C9: EM | D9: %ATK | E9: %ATK | G9: 30 | H9: 18 | I9: 30 | J9: 24 | K9: 30 | L9: 30
C10: %DEF | D10: %ATK | E10: %ATK | G10: 30 | H10: 18 | I10: 24 | J10: 30 | K10: 30 | L10: 30
C11: %HP | D11: %ATK | E11: %ATK | G11: 24 | H11: 18 | I11: 30 | J11: 30 | K11: 30 | L11: 30
C12: %ER | D12: %ATK | E12: %ATK | G12: 30 | H12: 18 | I12: 30 | J12: 30 | K12: 24 | L12: 30 | P12: {=_xlfn.LET( _xlpm.stats,{"%HP","%ATK","%DEF","EM","%ER","%CRIT_DMG"}, _xlfn._xlws.FILTER(_xlpm.stats,_xlpm.stats<>C7) )} -> %HP | Q12: %ATK | R12: %DEF | S12: EM | T12: %ER | U12: %CRIT_DMG
C13: %ATK | D13: EM | E13: %ATK | G13: 30 | H13: 18 | I13: 30 | J13: 24 | K13: 30 | L13: 30
C14: EM | D14: EM | E14: %ATK | G14: 30 | H14: 24 | I14: 30 | J14: 18 | K14: 30 | L14: 30
C15: %DEF | D15: EM | E15: %ATK | G15: 30 | H15: 24 | I15: 24 | J15: 24 | K15: 30 | L15: 30
C16: %HP | D16: EM | E16: %ATK | G16: 24 | H16: 24 | I16: 30 | J16: 24 | K16: 30 | L16: 30
C17: %ER | D17: EM | E17: %ATK | G17: 30 | H17: 24 | I17: 30 | J17: 24 | K17: 24 | L17: 30
C18: %ATK | D18: %DEF | E18: %ATK | G18: 30 | H18: 18 | I18: 24 | J18: 30 | K18: 30 | L18: 30
C19: EM | D19: %DEF | E19: %ATK | G19: 30 | H19: 24 | I19: 24 | J19: 24 | K19: 30 | L19: 30
C20: %DEF | D20: %DEF | E20: %ATK | G20: 30 | H20: 24 | I20: 18 | J20: 30 | K20: 30 | L20: 30
C21: %HP | D21: %DEF | E21: %ATK | G21: 24 | H21: 24 | I21: 24 | J21: 30 | K21: 30 | L21: 30
C22: %ER | D22: %DEF | E22: %ATK | G22: 30 | H22: 24 | I22: 24 | J22: 30 | K22: 24 | L22: 30
C23: %ATK | D23: %HP | E23: %ATK | G23: 24 | H23: 18 | I23: 30 | J23: 30 | K23: 30 | L23: 30
C24: EM | D24: %HP | E24: %ATK | G24: 24 | H24: 24 | I24: 30 | J24: 24 | K24: 30 | L24: 30
... C31: %HP | D31: %Elemental_Bonus | E31: %ATK | G31: 24 | H31: 24 | I31: 30 | J31: 30 | K31: 30 | L31: 30
C32: %ER | D32: %Elemental_Bonus | E32: %ATK | G32: 30 | H32: 24 | I32: 30 | J32: 30 | K32: 24 | L32: 30 | O32: {=_xlfn.LET( _xlpm.x,_xlfn.SEQUENCE(10), _xlpm.y,_xlfn.SEQUENCE(25), _xlpm.z,_xlfn.SEQUENCE(25), _xlpm.comb,_xlfn.MAKEARRAY(6250,3,_xlfn.LAMBDA(_xlpm.r,_xlpm.c, CHOOSE(_xlpm.c, MOD(_xlpm.r-1,10)+1, MOD(INT((_xlpm.r-1)/10),25)+1, MOD(INT((_xlpm.r-1)/250),25)+1))), _xlpm.xx,INDEX(_xlpm.comb,,1), _xlpm.yy,INDEX(_xlpm.comb,,2), _xlpm.zz,INDEX(_xlpm.comb,,3), _xlpm.first,100*(1+_xlpm.xx*0.0583), _xlpm.bonus,IF(INT(_xlpm.first/100)*8>160,160,INT(_xlpm.first/100)*8), _xlpm.result,_xlpm.first*(1+6/(1+2000/(_xlpm.yy+_xlpm.bonus)))*(1+_xlpm.zz*0.0777), MAX(_xlfn._xlws.FILTER(_xlpm.result,_xlpm.xx+_xlpm.yy+_xlpm.zz<=25)) )} -> 339.38223 | Q32: =PRODUCT( PRODUCT( ( 1+(6/(1+2000/Q22)) +N("%EM Bonus") +$D$65 +N("%Reaction Bonus") ) +N("%EM Bonus + %Reaction Bonus"), $D$60 +N("Base Reaction Coefficient (12 by default)"), $D$61 +N("&Ability"), Q20 +N("ATK"), 1+$D$63 +N("Stellar Reaction Base DMG Bonus"), ) +$D$67 +N("Reaction Additive Base DMG Bonus"), (1+$D$69) +N("Elevation Multiplier"), (_xlfn.LET(_xlpm.r,$D$70,IF(_xlpm.r<0,1-_xlpm.r/2,IF(_xlpm.r<0.75,1-_xlpm.r,1/(4*_xlpm.r+1)))) +N("RES Multiplier")), (1+Q29 +N("CRIT Multiplier")) ) -> #DIV/0!
C33: %ATK | D33: %Physical_Bonus | E33: %ATK | G33: 30 | H33: 18 | I33: 30 | J33: 30 | K33: 30 | L33: 30
C34: EM | D34: %Physical_Bonus | E34: %ATK | G34: 30 | H34: 24 | I34: 30 | J34: 24 | K34: 30 | L34: 30
C35: %DEF | D35: %Physical_Bonus | E35: %ATK | G35: 30 | H35: 24 | I35: 24 | J35: 30 | K35: 30 | L35: 30 | O35: {=_xlfn.LET( _xlpm.comb,_xlfn.MAKEARRAY(6250,3,_xlfn.LAMBDA(_xlpm.r,_xlpm.c, CHOOSE(_xlpm.c, MOD(_xlpm.r-1,10)+1, MOD(INT((_xlpm.r-1)/10),25)+1, MOD(INT((_xlpm.r-1)/250),25)+1))), _xlpm.x,INDEX(_xlpm.comb,,1), _xlpm.y,INDEX(_xlpm.comb,,2), _xlpm.z,INDEX(_xlpm.comb,,3), _xlpm.first,100*(1+_xlpm.x*5.83%), _xlpm.bonus,IF(INT(_xlpm.first/100)*8>160,160,INT(_xlpm.first/100)*8), _xlpm.result,_xlpm.first*(1+6/(1+2000/(_xlpm.y+_xlpm.bonus)))*(1+_xlpm.z*7.77%), _xlpm.best,MAX(_xlfn._xlws.FILTER(_xlpm.result,_xlpm.x+_xlpm.y+_xlpm.z<=25)), _xlfn._xlws.FILTER(_xlfn.HSTACK(_xlpm.x,_xlpm.y,_xlpm.z,_xlpm.result),_xlpm.result=_xlpm.best) )} -> 10 | P35: 1 | Q35: 14 | R35: 339.38223
C36: %HP | D36: %Physical_Bonus | E36: %ATK | G36: 24 | H36: 24 | I36: 30 | J36: 30 | K36: 30 | L36: 30
C37: %ER | D37: %Physical_Bonus | E37: %ATK | G37: 30 | H37: 24 | I37: 30 | J37: 30 | K37: 24 | L37: 30
C38: %ATK | D38: %ATK | E38: EM | G38: 30 | H38: 18 | I38: 30 | J38: 24 | K38: 30 | L38: 30
C39: EM | D39: %ATK | E39: EM | G39: 30 | H39: 24 | I39: 30 | J39: 18 | K39: 30 | L39: 30
C40: %DEF | D40: %ATK | E40: EM | G40: 30 | H40: 24 | I40: 24 | J40: 24 | K40: 30 | L40: 30
C41: %HP | D41: %ATK | E41: EM | G41: 24 | H41: 24 | I41: 30 | J41: 24 | K41: 30 | L41: 30
C42: %ER | D42: %ATK | E42: EM | G42: 30 | H42: 24 | I42: 30 | J42: 24 | K42: 24 | L42: 30
C43: %ATK | D43: EM | E43: EM | G43: 30 | H43: 24 | I43: 30 | J43: 18 | K43: 30 | L43: 30
C44: EM | D44: EM | E44: EM | G44: 30 | H44: 30 | I44: 30 | J44: 12 | K44: 30 | L44: 30
C45: %DEF | D45: EM | E45: EM | G45: 30 | H45: 30 | I45: 24 | J45: 18 | K45: 30 | L45: 30
C46: %HP | D46: EM | E46: EM | G46: 24 | H46: 30 | I46: 30 | J46: 18 | K46: 30 | L46: 30
C47: %ER | D47: EM | E47: EM | G47: 30 | H47: 30 | I47: 30 | J47: 18 | K47: 24 | L47: 30
... C157: %ER | D157: %Physical_Bonus | E157: %HP | G157: 24 | H157: 30 | I157: 30 | J157: 30 | K157: 24 | L157: 30
